,star,reservation,parkinglot,alcohol,wifi,creditcard,wheelchair
0,3,1.0,1.0,1.0,1.0,1.0,1.0
1,4,0.0,0.0,0.0,1.0,1.0,0.0
2,3,0.0,0.0,0.0,1.0,1.0,0.0
3,4,0.0,0.0,0.0,1.0,1.0,0.0
4,4,0.0,0.0,0.0,1.0,1.0,0.0
5,3,0.0,0.0,0.0,1.0,1.0,0.0
6,5,0.0,0.0,0.0,1.0,1.0,0.0
7,5,0.0,0.0,0.0,1.0,1.0,0.0
8,5,0.0,0.0,0.0,1.0,1.0,0.0
9,5,0.0,0.0,0.0,1.0,1.0,0.0
10,4,0.0,0.0,0.0,1.0,1.0,0.0
11,5,0.0,0.0,0.0,1.0,1.0,0.0
12,5,0.0,0.0,0.0,1.0,1.0,0.0
13,5,0.0,0.0,0.0,1.0,1.0,0.0
14,1,0.0,0.0,0.0,1.0,1.0,0.0
15,5,0.0,0.0,0.0,1.0,1.0,0.0
16,4,0.0,0.0,0.0,1.0,1.0,0.0
17,5,0.0,0.0,0.0,1.0,1.0,0.0
18,4,0.0,0.0,0.0,1.0,1.0,0.0
19,5,0.0,0.0,0.0,1.0,1.0,0.0
20,5,0.0,0.0,0.0,1.0,1.0,0.0
21,4,0.0,0.0,0.0,1.0,1.0,0.0
22,4,0.0,0.0,0.0,1.0,1.0,0.0
23,5,0.0,0.0,0.0,1.0,1.0,0.0
24,1,0.0,0.0,0.0,1.0,1.0,0.0
25,2,0.0,0.0,0.0,1.0,1.0,0.0
26,5,0.0,0.0,0.0,1.0,1.0,0.0
27,4,0.0,0.0,0.0,1.0,1.0,0.0
28,4,0.0,0.0,0.0,1.0,1.0,0.0
29,5,0.0,0.0,0.0,1.0,1.0,0.0
30,4,0.0,0.0,0.0,1.0,1.0,0.0
31,1,0.0,0.0,0.0,1.0,1.0,0.0
32,5,0.0,0.0,0.0,1.0,1.0,0.0
33,4,0.0,0.0,0.0,1.0,1.0,0.0
34,5,0.0,0.0,0.0,1.0,1.0,0.0
35,4,0.0,0.0,0.0,1.0,1.0,0.0
36,5,0.0,0.0,0.0,1.0,1.0,0.0
37,5,0.0,0.0,0.0,1.0,1.0,0.0
38,4,0.0,0.0,0.0,1.0,1.0,0.0
39,5,0.0,0.0,0.0,1.0,1.0,0.0
40,5,0.0,0.0,0.0,1.0,1.0,0.0
41,1,0.0,0.0,0.0,1.0,1.0,0.0
42,4,0.0,0.0,0.0,1.0,1.0,0.0
43,5,0.0,0.0,0.0,1.0,1.0,0.0
44,5,0.0,0.0,0.0,1.0,1.0,0.0
45,4,0.0,0.0,0.0,1.0,1.0,0.0
46,1,0.0,0.0,0.0,1.0,1.0,0.0
47,5,0.0,0.0,0.0,1.0,1.0,0.0
48,5,0.0,0.0,0.0,1.0,1.0,0.0
49,3,0.0,0.0,0.0,1.0,1.0,0.0
50,3,0.0,0.0,0.0,1.0,1.0,0.0
51,5,0.0,0.0,0.0,1.0,1.0,0.0
52,5,0.0,0.0,0.0,1.0,1.0,0.0
53,5,0.0,0.0,0.0,1.0,1.0,0.0
54,4,0.0,0.0,0.0,1.0,1.0,0.0
55,4,0.0,0.0,0.0,1.0,1.0,0.0
56,4,0.0,0.0,0.0,1.0,1.0,0.0
57,2,0.0,0.0,0.0,1.0,1.0,0.0
58,5,0.0,0.0,0.0,1.0,1.0,0.0
59,3,0.0,0.0,0.0,1.0,1.0,0.0
60,5,0.0,0.0,0.0,1.0,1.0,0.0
61,1,0.0,0.0,0.0,1.0,1.0,0.0
62,4,0.0,0.0,0.0,1.0,1.0,0.0
63,5,0.0,0.0,0.0,1.0,1.0,0.0
64,5,0.0,0.0,0.0,1.0,1.0,0.0
65,1,0.0,0.0,0.0,1.0,1.0,0.0
66,5,0.0,0.0,0.0,1.0,1.0,0.0
67,5,0.0,0.0,0.0,1.0,1.0,0.0
68,5,0.0,0.0,0.0,1.0,1.0,0.0
69,3,0.0,0.0,0.0,1.0,1.0,0.0
70,5,0.0,0.0,0.0,1.0,1.0,0.0
71,5,0.0,0.0,0.0,1.0,1.0,0.0
72,4,0.0,0.0,0.0,1.0,1.0,0.0
73,5,0.0,0.0,0.0,1.0,1.0,0.0
74,5,0.0,0.0,0.0,1.0,1.0,0.0
75,2,0.0,0.0,0.0,1.0,1.0,0.0
76,5,0.0,0.0,0.0,1.0,1.0,0.0
77,4,0.0,0.0,0.0,1.0,1.0,0.0
78,5,0.0,0.0,0.0,1.0,1.0,0.0
79,5,0.0,0.0,0.0,1.0,1.0,0.0
80,5,0.0,0.0,0.0,1.0,1.0,0.0
81,4,0.0,0.0,0.0,1.0,1.0,0.0
82,2,0.0,0.0,0.0,1.0,1.0,0.0
83,3,0.0,0.0,0.0,1.0,1.0,0.0
84,4,0.0,0.0,0.0,1.0,1.0,0.0
85,1,0.0,0.0,0.0,1.0,1.0,0.0
86,5,0.0,0.0,0.0,1.0,1.0,0.0
87,5,0.0,0.0,0.0,1.0,1.0,0.0
88,5,0.0,0.0,0.0,1.0,1.0,0.0
89,5,0.0,0.0,0.0,1.0,1.0,0.0
90,5,0.0,0.0,0.0,1.0,1.0,0.0
91,4,0.0,0.0,0.0,1.0,1.0,0.0
92,4,0.0,0.0,0.0,1.0,1.0,0.0
93,5,0.0,0.0,0.0,1.0,1.0,0.0
94,4,0.0,0.0,0.0,1.0,1.0,0.0
95,4,0.0,0.0,0.0,1.0,1.0,0.0
96,2,0.0,0.0,0.0,1.0,1.0,0.0
97,5,0.0,0.0,0.0,1.0,1.0,0.0
98,3,0.0,0.0,0.0,1.0,1.0,0.0
99,2,0.0,0.0,0.0,1.0,1.0,0.0
100,5,0.0,0.0,0.0,1.0,1.0,0.0
101,5,0.0,0.0,0.0,1.0,1.0,0.0
102,2,0.0,0.0,0.0,1.0,1.0,0.0
103,2,0.0,0.0,0.0,1.0,1.0,0.0
104,3,0.0,0.0,0.0,1.0,1.0,0.0
105,4,0.0,0.0,0.0,1.0,1.0,0.0
106,5,0.0,0.0,0.0,1.0,1.0,0.0
107,5,0.0,0.0,0.0,1.0,1.0,0.0
108,4,0.0,0.0,0.0,1.0,1.0,0.0
109,4,0.0,0.0,0.0,1.0,1.0,0.0
110,4,0.0,0.0,0.0,1.0,1.0,0.0
111,2,0.0,0.0,0.0,1.0,1.0,0.0
112,3,0.0,0.0,0.0,1.0,1.0,0.0
113,5,0.0,0.0,0.0,1.0,1.0,0.0
114,1,0.0,0.0,0.0,1.0,1.0,0.0
115,5,0.0,0.0,0.0,1.0,1.0,0.0
116,2,0.0,0.0,0.0,1.0,1.0,0.0
117,4,0.0,0.0,0.0,1.0,1.0,0.0
118,5,0.0,0.0,0.0,1.0,1.0,0.0
119,4,0.0,0.0,0.0,1.0,1.0,0.0
120,5,0.0,0.0,0.0,1.0,1.0,0.0
121,3,0.0,0.0,0.0,1.0,1.0,0.0
122,2,0.0,0.0,0.0,1.0,1.0,0.0
123,4,0.0,0.0,0.0,1.0,1.0,0.0
124,5,0.0,0.0,0.0,1.0,1.0,0.0
125,5,0.0,0.0,0.0,1.0,1.0,0.0
126,1,0.0,0.0,0.0,1.0,1.0,0.0
127,2,0.0,0.0,0.0,1.0,1.0,0.0
128,2,0.0,0.0,0.0,1.0,1.0,0.0
129,5,0.0,0.0,0.0,1.0,1.0,0.0
130,3,0.0,0.0,0.0,1.0,1.0,0.0
131,3,0.0,0.0,0.0,1.0,1.0,0.0
132,5,0.0,0.0,0.0,1.0,1.0,0.0
133,5,0.0,0.0,0.0,1.0,1.0,0.0
134,4,0.0,0.0,0.0,1.0,1.0,0.0
135,3,0.0,0.0,0.0,1.0,1.0,0.0
136,5,0.0,0.0,0.0,1.0,1.0,0.0
137,2,0.0,0.0,0.0,1.0,1.0,0.0
138,5,0.0,0.0,0.0,1.0,1.0,0.0
139,4,0.0,0.0,0.0,1.0,1.0,0.0
140,5,0.0,0.0,0.0,1.0,1.0,0.0
141,4,0.0,0.0,0.0,1.0,1.0,0.0
142,4,0.0,0.0,0.0,1.0,1.0,0.0
143,5,0.0,0.0,0.0,1.0,1.0,0.0
144,4,0.0,0.0,0.0,1.0,1.0,0.0
145,3,0.0,0.0,0.0,1.0,1.0,0.0
146,5,0.0,0.0,0.0,1.0,1.0,0.0
147,5,0.0,0.0,0.0,1.0,1.0,0.0
148,4,0.0,0.0,0.0,1.0,1.0,0.0
149,3,0.0,0.0,0.0,1.0,1.0,0.0
150,1,0.0,0.0,0.0,1.0,1.0,0.0
151,4,0.0,0.0,0.0,1.0,1.0,0.0
152,5,0.0,0.0,0.0,1.0,1.0,0.0
153,2,0.0,0.0,0.0,1.0,1.0,0.0
154,5,0.0,0.0,0.0,1.0,1.0,0.0
155,5,0.0,0.0,0.0,1.0,1.0,0.0
156,4,0.0,0.0,0.0,1.0,1.0,0.0
157,5,0.0,0.0,0.0,1.0,1.0,0.0
158,5,0.0,0.0,0.0,1.0,1.0,0.0
159,4,0.0,0.0,0.0,1.0,1.0,0.0
160,4,0.0,0.0,0.0,1.0,1.0,0.0
161,4,0.0,0.0,0.0,1.0,1.0,0.0
162,2,0.0,0.0,0.0,1.0,1.0,0.0
163,2,0.0,0.0,0.0,1.0,1.0,0.0
164,3,0.0,0.0,0.0,1.0,1.0,0.0
165,3,0.0,0.0,0.0,1.0,1.0,0.0
166,5,0.0,0.0,0.0,1.0,1.0,0.0
167,5,0.0,0.0,0.0,1.0,1.0,0.0
168,1,0.0,0.0,0.0,1.0,1.0,0.0
169,1,0.0,0.0,0.0,1.0,1.0,0.0
170,2,0.0,0.0,0.0,1.0,1.0,0.0
171,2,0.0,0.0,0.0,1.0,1.0,0.0
172,2,0.0,0.0,0.0,1.0,1.0,0.0
173,4,0.0,0.0,0.0,1.0,1.0,0.0
174,4,0.0,0.0,0.0,1.0,1.0,0.0
175,5,0.0,0.0,0.0,1.0,1.0,0.0
176,4,0.0,0.0,0.0,1.0,1.0,0.0
177,5,0.0,0.0,0.0,1.0,1.0,0.0
178,2,0.0,0.0,0.0,1.0,1.0,0.0
179,1,0.0,0.0,0.0,1.0,1.0,0.0
180,3,0.0,0.0,0.0,1.0,1.0,0.0
181,3,0.0,0.0,0.0,1.0,1.0,0.0
182,2,0.0,0.0,0.0,1.0,1.0,0.0
183,5,0.0,0.0,0.0,1.0,1.0,0.0
184,5,0.0,0.0,0.0,1.0,1.0,0.0
185,4,0.0,0.0,0.0,1.0,1.0,0.0
186,4,0.0,0.0,0.0,1.0,1.0,0.0
187,5,0.0,0.0,0.0,1.0,1.0,0.0
188,2,0.0,0.0,0.0,1.0,1.0,0.0
189,5,0.0,0.0,0.0,1.0,1.0,0.0
190,4,0.0,0.0,0.0,1.0,1.0,0.0
191,4,0.0,0.0,0.0,1.0,1.0,0.0
192,5,0.0,0.0,0.0,1.0,1.0,0.0
193,2,0.0,0.0,0.0,1.0,1.0,0.0
194,1,0.0,0.0,0.0,1.0,1.0,0.0
195,3,0.0,0.0,0.0,1.0,1.0,0.0
196,5,0.0,0.0,0.0,1.0,1.0,0.0
197,4,0.0,0.0,0.0,1.0,1.0,0.0
198,4,0.0,0.0,0.0,1.0,1.0,0.0
199,5,0.0,0.0,0.0,1.0,1.0,0.0
200,4,0.0,0.0,0.0,1.0,1.0,0.0
201,5,0.0,0.0,0.0,1.0,1.0,0.0
202,5,0.0,0.0,0.0,1.0,1.0,0.0
203,5,0.0,0.0,0.0,1.0,1.0,0.0
204,5,0.0,0.0,0.0,1.0,1.0,0.0
205,1,0.0,0.0,0.0,1.0,1.0,0.0
206,2,0.0,0.0,0.0,1.0,1.0,0.0
207,3,0.0,0.0,0.0,1.0,1.0,0.0
208,5,0.0,0.0,0.0,1.0,1.0,0.0
209,5,0.0,0.0,0.0,1.0,1.0,0.0
210,4,0.0,0.0,0.0,1.0,1.0,0.0
211,5,0.0,0.0,0.0,1.0,1.0,0.0
212,4,0.0,0.0,0.0,1.0,1.0,0.0
213,1,0.0,0.0,0.0,1.0,1.0,0.0
214,4,0.0,0.0,0.0,1.0,1.0,0.0
215,5,0.0,0.0,0.0,1.0,1.0,0.0
216,4,0.0,0.0,0.0,1.0,1.0,0.0
217,3,0.0,0.0,0.0,1.0,1.0,0.0
218,5,0.0,0.0,0.0,1.0,1.0,0.0
219,5,0.0,0.0,0.0,1.0,1.0,0.0
220,5,0.0,0.0,0.0,1.0,1.0,0.0
221,2,0.0,0.0,0.0,1.0,1.0,0.0
222,4,0.0,0.0,0.0,1.0,1.0,0.0
223,1,0.0,0.0,0.0,1.0,1.0,0.0
224,5,0.0,0.0,0.0,1.0,1.0,0.0
225,4,0.0,0.0,0.0,1.0,1.0,0.0
226,5,0.0,0.0,0.0,1.0,1.0,0.0
227,5,0.0,0.0,0.0,1.0,1.0,0.0
228,5,0.0,0.0,0.0,1.0,1.0,0.0
229,5,0.0,0.0,0.0,1.0,1.0,0.0
230,4,0.0,0.0,0.0,1.0,1.0,0.0
231,5,0.0,0.0,0.0,1.0,1.0,0.0
232,4,0.0,0.0,0.0,1.0,1.0,0.0
233,4,0.0,0.0,0.0,1.0,1.0,0.0
234,4,0.0,0.0,0.0,1.0,1.0,0.0
235,5,0.0,0.0,0.0,1.0,1.0,0.0
236,4,0.0,0.0,0.0,1.0,1.0,0.0
237,4,0.0,0.0,0.0,1.0,1.0,0.0
238,4,0.0,0.0,0.0,1.0,1.0,0.0
239,3,0.0,0.0,0.0,1.0,1.0,0.0
240,4,0.0,0.0,0.0,1.0,1.0,0.0
241,5,0.0,0.0,0.0,1.0,1.0,0.0
242,4,0.0,0.0,0.0,1.0,1.0,0.0
243,1,0.0,0.0,0.0,1.0,1.0,0.0
244,5,0.0,0.0,0.0,1.0,1.0,0.0
245,5,0.0,0.0,0.0,1.0,1.0,0.0
246,4,0.0,0.0,0.0,1.0,1.0,0.0
247,4,0.0,0.0,0.0,1.0,1.0,0.0
248,5,0.0,0.0,0.0,1.0,1.0,0.0
249,5,0.0,0.0,0.0,1.0,1.0,0.0
250,4,0.0,0.0,0.0,1.0,1.0,0.0
251,3,0.0,0.0,0.0,1.0,1.0,0.0
252,4,0.0,0.0,0.0,1.0,1.0,0.0
253,3,0.0,0.0,0.0,1.0,1.0,0.0
254,4,0.0,0.0,0.0,1.0,1.0,0.0
255,2,0.0,0.0,0.0,1.0,1.0,0.0
256,1,0.0,0.0,0.0,1.0,1.0,0.0
257,5,0.0,0.0,0.0,1.0,1.0,0.0
258,2,0.0,0.0,0.0,1.0,1.0,0.0
259,4,0.0,0.0,0.0,1.0,1.0,0.0
260,3,0.0,0.0,0.0,1.0,1.0,0.0
261,5,0.0,0.0,0.0,1.0,1.0,0.0
262,5,0.0,0.0,0.0,1.0,1.0,0.0
263,5,0.0,0.0,0.0,1.0,1.0,0.0
264,4,0.0,0.0,0.0,1.0,1.0,0.0
265,3,0.0,0.0,0.0,1.0,1.0,0.0
266,5,0.0,0.0,0.0,1.0,1.0,0.0
267,5,0.0,0.0,0.0,1.0,1.0,0.0
268,5,0.0,0.0,0.0,1.0,1.0,0.0
269,5,0.0,0.0,0.0,1.0,1.0,0.0
270,5,0.0,0.0,0.0,1.0,1.0,0.0
271,4,0.0,0.0,0.0,1.0,1.0,0.0
272,1,0.0,0.0,0.0,1.0,1.0,0.0
273,4,0.0,0.0,0.0,1.0,1.0,0.0
274,4,0.0,0.0,0.0,1.0,1.0,0.0
275,2,0.0,0.0,0.0,1.0,1.0,0.0
276,3,0.0,0.0,0.0,1.0,1.0,0.0
277,5,0.0,0.0,0.0,1.0,1.0,0.0
278,3,0.0,0.0,0.0,1.0,1.0,0.0
279,1,0.0,0.0,0.0,1.0,1.0,0.0
280,5,0.0,0.0,0.0,1.0,1.0,0.0
281,3,0.0,0.0,0.0,1.0,1.0,0.0
282,5,0.0,0.0,0.0,1.0,1.0,0.0
283,1,0.0,0.0,0.0,1.0,1.0,0.0
284,5,0.0,0.0,0.0,1.0,1.0,0.0
285,5,0.0,0.0,0.0,1.0,1.0,0.0
286,5,0.0,0.0,0.0,1.0,1.0,0.0
287,2,0.0,0.0,0.0,1.0,1.0,0.0
288,4,0.0,0.0,0.0,1.0,1.0,0.0
289,5,0.0,0.0,0.0,1.0,1.0,0.0
290,1,0.0,0.0,0.0,1.0,1.0,0.0
291,5,0.0,0.0,0.0,1.0,1.0,0.0
292,4,0.0,0.0,0.0,1.0,1.0,0.0
293,5,0.0,0.0,0.0,1.0,1.0,0.0
294,4,0.0,0.0,0.0,1.0,1.0,0.0
295,4,0.0,0.0,0.0,1.0,1.0,0.0
296,5,0.0,0.0,0.0,1.0,1.0,0.0
297,5,0.0,0.0,0.0,1.0,1.0,0.0
298,4,0.0,0.0,0.0,1.0,1.0,0.0
299,5,0.0,0.0,0.0,1.0,1.0,0.0
300,5,0.0,0.0,0.0,1.0,1.0,0.0
301,5,0.0,0.0,0.0,1.0,1.0,0.0
302,5,0.0,0.0,0.0,1.0,1.0,0.0
303,2,0.0,0.0,0.0,1.0,1.0,0.0
304,5,0.0,0.0,0.0,1.0,1.0,0.0
305,3,0.0,0.0,0.0,1.0,1.0,0.0
306,5,0.0,0.0,0.0,1.0,1.0,0.0
307,1,0.0,0.0,0.0,1.0,1.0,0.0
308,5,0.0,0.0,0.0,1.0,1.0,0.0
309,4,0.0,0.0,0.0,1.0,1.0,0.0
310,5,0.0,0.0,0.0,1.0,1.0,0.0
311,3,0.0,0.0,0.0,1.0,1.0,0.0
312,3,0.0,0.0,0.0,1.0,1.0,0.0
313,1,0.0,0.0,0.0,1.0,1.0,0.0
314,1,0.0,0.0,0.0,1.0,1.0,0.0
315,4,0.0,0.0,0.0,1.0,1.0,0.0
316,5,0.0,0.0,0.0,1.0,1.0,0.0
317,3,0.0,0.0,0.0,1.0,1.0,0.0
318,2,0.0,0.0,0.0,1.0,1.0,0.0
319,5,0.0,0.0,0.0,1.0,1.0,0.0
320,5,0.0,0.0,0.0,1.0,1.0,0.0
321,4,0.0,0.0,0.0,1.0,1.0,0.0
322,5,0.0,0.0,0.0,1.0,1.0,0.0
323,5,0.0,0.0,0.0,1.0,1.0,0.0
324,1,0.0,0.0,0.0,1.0,1.0,0.0
325,5,0.0,0.0,0.0,1.0,1.0,0.0
326,5,0.0,0.0,0.0,1.0,1.0,0.0
327,1,0.0,0.0,0.0,1.0,1.0,0.0
328,5,0.0,0.0,0.0,1.0,1.0,0.0
329,5,0.0,0.0,0.0,1.0,1.0,0.0
330,3,0.0,0.0,0.0,1.0,1.0,0.0
331,5,0.0,0.0,0.0,1.0,1.0,0.0
332,4,0.0,0.0,0.0,1.0,1.0,0.0
333,1,0.0,0.0,0.0,1.0,1.0,0.0
334,3,0.0,0.0,0.0,1.0,1.0,0.0
335,5,0.0,0.0,0.0,1.0,1.0,0.0
336,4,0.0,0.0,0.0,1.0,1.0,0.0
337,5,0.0,0.0,0.0,1.0,1.0,0.0
338,5,0.0,0.0,0.0,1.0,1.0,0.0
339,1,0.0,0.0,0.0,1.0,1.0,0.0
340,5,0.0,0.0,0.0,1.0,1.0,0.0
341,5,0.0,0.0,0.0,1.0,1.0,0.0
342,5,0.0,0.0,0.0,1.0,1.0,0.0
343,5,0.0,0.0,0.0,1.0,1.0,0.0
344,4,0.0,0.0,0.0,1.0,1.0,0.0
345,4,0.0,0.0,0.0,1.0,1.0,0.0
346,4,0.0,0.0,0.0,1.0,1.0,0.0
347,3,0.0,0.0,0.0,1.0,1.0,0.0
348,5,0.0,0.0,0.0,1.0,1.0,0.0
349,5,0.0,0.0,0.0,1.0,1.0,0.0
350,5,0.0,0.0,0.0,1.0,1.0,0.0
351,1,0.0,0.0,0.0,1.0,1.0,0.0
352,5,0.0,0.0,0.0,1.0,1.0,0.0
353,5,0.0,0.0,0.0,1.0,1.0,0.0
354,5,0.0,0.0,0.0,1.0,1.0,0.0
355,5,0.0,0.0,0.0,1.0,1.0,0.0
356,5,0.0,0.0,0.0,1.0,1.0,0.0
357,5,0.0,0.0,0.0,1.0,1.0,0.0
358,4,0.0,0.0,0.0,1.0,1.0,0.0
359,4,0.0,0.0,0.0,1.0,1.0,0.0
360,4,0.0,0.0,0.0,1.0,1.0,0.0
361,4,0.0,0.0,0.0,1.0,1.0,0.0
362,4,0.0,0.0,0.0,1.0,1.0,0.0
363,5,0.0,0.0,0.0,1.0,1.0,0.0
364,3,0.0,0.0,0.0,1.0,1.0,0.0
365,5,0.0,0.0,0.0,1.0,1.0,0.0
366,2,1.0,1.0,1.0,1.0,1.0,0.0
367,2,1.0,1.0,1.0,1.0,1.0,0.0
368,4,0.0,0.0,1.0,1.0,1.0,0.0
369,4,0.0,0.0,0.0,1.0,1.0,0.0
370,3,1.0,1.0,1.0,1.0,1.0,0.0
371,4,0.0,0.0,0.0,1.0,1.0,0.0
372,1,0.0,0.0,0.0,1.0,1.0,0.0
373,1,1.0,1.0,1.0,1.0,1.0,0.0
374,1,1.0,1.0,1.0,1.0,1.0,0.0
375,3,0.0,0.0,1.0,1.0,1.0,0.0
376,4,0.0,0.0,1.0,1.0,1.0,0.0
377,1,1.0,1.0,1.0,1.0,1.0,0.0
378,4,0.0,0.0,1.0,1.0,1.0,0.0
379,4,0.0,0.0,0.0,1.0,1.0,0.0
380,5,0.0,0.0,1.0,1.0,1.0,0.0
381,3,1.0,1.0,1.0,1.0,1.0,0.0
382,5,0.0,0.0,0.0,1.0,1.0,0.0
383,3,0.0,0.0,0.0,1.0,1.0,0.0
384,1,1.0,1.0,1.0,1.0,1.0,0.0
385,5,0.0,0.0,1.0,1.0,1.0,0.0
386,3,0.0,0.0,0.0,1.0,1.0,0.0
387,1,1.0,1.0,1.0,1.0,1.0,0.0
388,3,1.0,1.0,1.0,1.0,1.0,0.0
389,4,0.0,0.0,1.0,1.0,1.0,0.0
390,3,1.0,1.0,1.0,1.0,1.0,0.0
391,1,0.0,0.0,0.0,1.0,1.0,0.0
392,4,0.0,0.0,1.0,1.0,1.0,0.0
393,5,0.0,0.0,1.0,1.0,1.0,0.0
394,5,0.0,0.0,1.0,1.0,1.0,0.0
395,5,1.0,1.0,1.0,1.0,1.0,0.0
396,3,1.0,1.0,1.0,1.0,1.0,0.0
397,5,1.0,1.0,1.0,1.0,1.0,0.0
398,4,0.0,0.0,1.0,1.0,1.0,0.0
399,1,0.0,0.0,0.0,1.0,1.0,0.0
400,5,0.0,0.0,1.0,1.0,1.0,0.0
401,5,0.0,0.0,0.0,1.0,1.0,0.0
402,1,0.0,0.0,0.0,1.0,1.0,0.0
403,1,0.0,0.0,0.0,1.0,1.0,0.0
404,4,0.0,0.0,1.0,1.0,1.0,0.0
405,5,0.0,0.0,0.0,1.0,1.0,0.0
406,2,1.0,1.0,1.0,1.0,1.0,0.0
407,4,0.0,0.0,1.0,1.0,1.0,0.0
408,1,1.0,1.0,1.0,1.0,1.0,0.0
409,1,1.0,1.0,1.0,1.0,1.0,0.0
410,2,0.0,0.0,1.0,1.0,1.0,0.0
411,4,0.0,0.0,1.0,1.0,1.0,0.0
412,2,1.0,1.0,1.0,1.0,1.0,0.0
413,1,1.0,1.0,1.0,1.0,1.0,0.0
414,2,0.0,0.0,0.0,1.0,1.0,0.0
415,2,1.0,1.0,1.0,1.0,1.0,0.0
416,5,0.0,0.0,1.0,1.0,1.0,0.0
417,3,1.0,1.0,1.0,1.0,1.0,0.0
418,2,1.0,1.0,1.0,1.0,1.0,0.0
419,5,0.0,0.0,0.0,1.0,1.0,0.0
420,3,0.0,0.0,0.0,1.0,1.0,0.0
421,2,0.0,0.0,0.0,1.0,1.0,0.0
422,3,0.0,0.0,0.0,1.0,1.0,0.0
423,3,0.0,0.0,1.0,1.0,1.0,0.0
424,4,0.0,0.0,1.0,1.0,1.0,0.0
425,4,1.0,1.0,1.0,1.0,1.0,0.0
426,4,1.0,1.0,1.0,1.0,1.0,0.0
427,1,1.0,1.0,1.0,1.0,1.0,0.0
428,4,1.0,1.0,1.0,1.0,1.0,0.0
429,5,0.0,0.0,1.0,1.0,1.0,0.0
430,5,0.0,0.0,1.0,1.0,1.0,0.0
431,4,0.0,0.0,1.0,1.0,1.0,0.0
432,4,0.0,0.0,0.0,1.0,1.0,0.0
433,1,0.0,0.0,0.0,1.0,1.0,0.0
434,5,0.0,0.0,1.0,1.0,1.0,0.0
435,5,0.0,0.0,0.0,1.0,1.0,0.0
436,4,0.0,0.0,1.0,1.0,1.0,0.0
437,5,0.0,0.0,1.0,1.0,1.0,0.0
438,1,1.0,1.0,1.0,1.0,1.0,0.0
439,3,0.0,0.0,1.0,1.0,1.0,0.0
440,5,1.0,1.0,1.0,1.0,1.0,0.0
441,5,0.0,0.0,1.0,1.0,1.0,0.0
442,5,0.0,0.0,1.0,1.0,1.0,0.0
443,4,0.0,0.0,1.0,1.0,1.0,0.0
444,3,1.0,1.0,1.0,1.0,1.0,0.0
445,5,0.0,0.0,0.0,1.0,1.0,0.0
446,4,0.0,0.0,0.0,1.0,1.0,0.0
447,1,1.0,1.0,1.0,1.0,1.0,0.0
448,5,0.0,0.0,1.0,1.0,1.0,0.0
449,4,0.0,0.0,0.0,1.0,1.0,0.0
450,4,0.0,0.0,0.0,1.0,1.0,0.0
451,5,0.0,0.0,1.0,1.0,1.0,0.0
452,4,0.0,0.0,1.0,1.0,1.0,0.0
453,5,0.0,0.0,1.0,1.0,1.0,0.0
454,3,1.0,1.0,1.0,1.0,1.0,0.0
455,2,1.0,1.0,1.0,1.0,1.0,0.0
456,2,1.0,1.0,1.0,1.0,1.0,0.0
457,4,1.0,1.0,1.0,1.0,1.0,0.0
458,4,1.0,1.0,1.0,1.0,1.0,0.0
459,4,0.0,0.0,1.0,1.0,1.0,0.0
460,4,0.0,0.0,1.0,1.0,1.0,0.0
461,1,1.0,1.0,1.0,1.0,1.0,0.0
462,2,1.0,1.0,1.0,1.0,1.0,0.0
463,2,1.0,1.0,1.0,1.0,1.0,0.0
464,1,1.0,1.0,1.0,1.0,1.0,0.0
465,4,0.0,0.0,1.0,1.0,1.0,0.0
466,4,0.0,0.0,1.0,1.0,1.0,0.0
467,3,1.0,1.0,1.0,1.0,1.0,0.0
468,1,0.0,0.0,0.0,1.0,1.0,0.0
469,3,0.0,0.0,1.0,1.0,1.0,0.0
470,5,0.0,0.0,1.0,1.0,1.0,0.0
471,4,0.0,0.0,0.0,1.0,1.0,0.0
472,3,1.0,1.0,1.0,1.0,1.0,0.0
473,3,1.0,1.0,1.0,1.0,1.0,0.0
474,4,0.0,0.0,1.0,1.0,1.0,0.0
475,4,0.0,0.0,1.0,1.0,1.0,0.0
476,3,1.0,1.0,1.0,1.0,1.0,0.0
477,1,1.0,1.0,1.0,1.0,1.0,0.0
478,3,1.0,1.0,1.0,1.0,1.0,0.0
479,4,0.0,0.0,1.0,1.0,1.0,0.0
480,2,1.0,1.0,1.0,1.0,1.0,0.0
481,4,0.0,0.0,0.0,1.0,1.0,0.0
482,4,1.0,1.0,1.0,1.0,1.0,0.0
483,3,1.0,1.0,1.0,1.0,1.0,0.0
484,3,0.0,0.0,0.0,1.0,1.0,0.0
485,2,1.0,1.0,1.0,1.0,1.0,0.0
486,1,1.0,1.0,1.0,1.0,1.0,0.0
487,4,0.0,0.0,1.0,1.0,1.0,0.0
488,4,0.0,0.0,0.0,1.0,1.0,0.0
489,3,0.0,0.0,1.0,1.0,1.0,0.0
490,3,1.0,1.0,1.0,1.0,1.0,0.0
491,3,0.0,0.0,1.0,1.0,1.0,0.0
492,5,0.0,0.0,1.0,1.0,1.0,0.0
493,5,0.0,0.0,0.0,1.0,1.0,0.0
494,3,1.0,1.0,1.0,1.0,1.0,0.0
495,1,1.0,1.0,1.0,1.0,1.0,0.0
496,3,1.0,1.0,1.0,1.0,1.0,0.0
497,5,0.0,0.0,1.0,1.0,1.0,0.0
498,3,1.0,1.0,1.0,1.0,1.0,0.0
499,3,1.0,1.0,1.0,1.0,1.0,0.0
500,5,0.0,0.0,1.0,1.0,1.0,0.0
501,4,1.0,1.0,1.0,1.0,1.0,0.0
502,4,0.0,0.0,1.0,1.0,1.0,0.0
503,1,1.0,1.0,1.0,1.0,1.0,0.0
504,5,0.0,0.0,1.0,1.0,1.0,0.0
505,3,1.0,1.0,1.0,1.0,1.0,0.0
506,1,1.0,1.0,1.0,1.0,1.0,0.0
507,1,1.0,1.0,1.0,1.0,1.0,0.0
508,4,0.0,0.0,1.0,1.0,1.0,0.0
509,1,0.0,0.0,0.0,1.0,1.0,0.0
510,5,0.0,0.0,1.0,1.0,1.0,0.0
511,4,0.0,0.0,1.0,1.0,1.0,0.0
512,3,0.0,0.0,0.0,1.0,1.0,0.0
513,3,0.0,0.0,0.0,1.0,1.0,0.0
514,4,0.0,0.0,0.0,1.0,1.0,0.0
515,3,0.0,0.0,1.0,1.0,1.0,0.0
516,5,0.0,0.0,1.0,1.0,1.0,0.0
517,1,0.0,0.0,0.0,1.0,1.0,0.0
518,4,1.0,1.0,1.0,1.0,1.0,0.0
519,1,1.0,1.0,1.0,1.0,1.0,0.0
520,1,0.0,0.0,0.0,1.0,1.0,0.0
521,5,0.0,0.0,0.0,1.0,1.0,0.0
522,1,0.0,0.0,0.0,1.0,1.0,0.0
523,3,0.0,0.0,0.0,1.0,1.0,0.0
524,5,0.0,0.0,1.0,1.0,1.0,0.0
525,4,0.0,0.0,0.0,1.0,1.0,0.0
526,2,1.0,1.0,1.0,1.0,1.0,0.0
527,1,1.0,1.0,1.0,1.0,1.0,0.0
528,2,1.0,1.0,1.0,1.0,1.0,0.0
529,1,1.0,1.0,1.0,1.0,1.0,0.0
530,1,1.0,1.0,1.0,1.0,1.0,0.0
531,4,0.0,0.0,0.0,1.0,1.0,0.0
532,1,1.0,1.0,1.0,1.0,1.0,0.0
533,5,0.0,0.0,1.0,1.0,1.0,0.0
534,2,1.0,1.0,1.0,1.0,1.0,0.0
535,1,1.0,1.0,1.0,1.0,1.0,0.0
536,5,0.0,0.0,1.0,1.0,1.0,0.0
537,1,0.0,0.0,1.0,1.0,1.0,0.0
538,1,0.0,0.0,0.0,1.0,1.0,0.0
539,1,1.0,1.0,1.0,1.0,1.0,0.0
540,1,1.0,1.0,1.0,1.0,1.0,0.0
541,2,1.0,1.0,1.0,1.0,1.0,0.0
542,1,0.0,0.0,1.0,1.0,1.0,0.0
543,4,1.0,1.0,1.0,1.0,1.0,0.0
544,1,1.0,1.0,1.0,1.0,1.0,0.0
545,2,1.0,1.0,1.0,1.0,1.0,0.0
546,4,0.0,0.0,1.0,1.0,1.0,0.0
547,4,0.0,0.0,1.0,1.0,1.0,0.0
548,2,0.0,0.0,0.0,1.0,1.0,0.0
549,3,0.0,0.0,1.0,1.0,1.0,0.0
550,1,1.0,1.0,1.0,1.0,1.0,0.0
551,5,0.0,0.0,0.0,1.0,1.0,0.0
552,2,1.0,1.0,1.0,1.0,1.0,0.0
553,1,1.0,1.0,1.0,1.0,1.0,0.0
554,1,0.0,0.0,1.0,1.0,1.0,0.0
555,2,1.0,1.0,1.0,1.0,1.0,0.0
556,3,1.0,1.0,1.0,1.0,1.0,0.0
557,5,0.0,0.0,1.0,1.0,1.0,0.0
558,1,1.0,1.0,1.0,1.0,1.0,0.0
559,5,1.0,1.0,1.0,1.0,1.0,0.0
560,5,0.0,0.0,1.0,1.0,1.0,0.0
561,3,1.0,1.0,1.0,1.0,1.0,0.0
562,1,0.0,0.0,0.0,1.0,1.0,0.0
563,4,0.0,0.0,1.0,1.0,1.0,0.0
564,5,1.0,1.0,1.0,1.0,1.0,0.0
565,3,1.0,1.0,1.0,1.0,1.0,0.0
566,5,0.0,0.0,1.0,1.0,1.0,0.0
567,1,0.0,0.0,0.0,1.0,1.0,0.0
568,4,0.0,0.0,1.0,1.0,1.0,0.0
569,1,1.0,1.0,1.0,1.0,1.0,0.0
570,1,0.0,0.0,0.0,1.0,1.0,0.0
571,1,1.0,1.0,1.0,1.0,1.0,0.0
572,4,0.0,0.0,0.0,1.0,1.0,0.0
573,4,1.0,1.0,1.0,1.0,1.0,0.0
574,4,0.0,0.0,0.0,1.0,1.0,0.0
575,4,1.0,1.0,1.0,1.0,1.0,0.0
576,1,0.0,0.0,0.0,1.0,1.0,0.0
577,1,0.0,0.0,0.0,1.0,1.0,0.0
578,2,1.0,1.0,1.0,1.0,1.0,0.0
579,5,0.0,0.0,1.0,1.0,1.0,0.0
580,4,0.0,0.0,1.0,1.0,1.0,0.0
581,3,0.0,0.0,0.0,1.0,1.0,0.0
582,1,1.0,1.0,1.0,1.0,1.0,0.0
583,4,0.0,0.0,1.0,1.0,1.0,0.0
584,4,0.0,0.0,1.0,1.0,1.0,0.0
585,5,0.0,0.0,1.0,1.0,1.0,0.0
586,4,0.0,0.0,0.0,1.0,1.0,0.0
587,3,0.0,0.0,0.0,1.0,1.0,0.0
588,5,0.0,0.0,0.0,1.0,1.0,0.0
589,5,0.0,0.0,0.0,1.0,1.0,0.0
590,3,0.0,0.0,0.0,1.0,1.0,0.0
591,2,0.0,0.0,0.0,1.0,1.0,0.0
592,2,0.0,0.0,0.0,1.0,1.0,0.0
593,2,0.0,0.0,0.0,1.0,1.0,0.0
594,3,0.0,0.0,0.0,1.0,1.0,0.0
595,5,0.0,0.0,0.0,1.0,1.0,0.0
596,4,0.0,0.0,0.0,1.0,1.0,0.0
597,5,0.0,0.0,0.0,1.0,1.0,0.0
598,2,0.0,0.0,0.0,0.0,1.0,0.0
599,4,0.0,0.0,0.0,1.0,1.0,0.0
600,1,0.0,0.0,0.0,1.0,1.0,0.0
601,4,0.0,0.0,0.0,1.0,1.0,0.0
602,4,0.0,0.0,0.0,1.0,1.0,0.0
603,5,0.0,0.0,0.0,1.0,1.0,0.0
604,3,0.0,0.0,0.0,1.0,1.0,0.0
605,4,0.0,0.0,0.0,1.0,1.0,0.0
606,4,0.0,0.0,0.0,1.0,1.0,0.0
607,4,0.0,0.0,0.0,1.0,1.0,0.0
608,4,0.0,0.0,0.0,1.0,1.0,0.0
609,1,0.0,0.0,0.0,1.0,1.0,0.0
610,5,0.0,0.0,0.0,1.0,1.0,0.0
611,5,0.0,0.0,0.0,1.0,1.0,0.0
612,3,0.0,0.0,0.0,1.0,1.0,0.0
613,5,0.0,0.0,0.0,1.0,1.0,0.0
614,5,0.0,0.0,0.0,1.0,1.0,0.0
615,5,0.0,0.0,0.0,1.0,1.0,0.0
616,1,0.0,0.0,0.0,1.0,1.0,0.0
617,1,0.0,0.0,0.0,1.0,1.0,0.0
618,4,0.0,0.0,0.0,1.0,1.0,0.0
619,2,0.0,0.0,0.0,1.0,1.0,0.0
620,1,0.0,0.0,0.0,0.0,1.0,0.0
621,3,0.0,0.0,0.0,1.0,1.0,0.0
622,4,0.0,0.0,0.0,1.0,1.0,0.0
623,4,0.0,0.0,0.0,1.0,1.0,0.0
624,5,0.0,0.0,0.0,1.0,1.0,0.0
625,4,0.0,0.0,0.0,1.0,1.0,0.0
626,4,0.0,0.0,0.0,1.0,1.0,0.0
627,2,0.0,0.0,0.0,1.0,1.0,0.0
628,2,0.0,0.0,0.0,1.0,1.0,0.0
629,3,0.0,0.0,0.0,1.0,1.0,0.0
630,5,0.0,0.0,0.0,1.0,1.0,0.0
631,2,0.0,0.0,0.0,1.0,1.0,0.0
632,2,0.0,0.0,0.0,1.0,1.0,0.0
633,1,0.0,0.0,0.0,1.0,1.0,0.0
634,5,0.0,0.0,0.0,1.0,1.0,0.0
635,4,0.0,0.0,0.0,1.0,1.0,0.0
636,3,0.0,0.0,0.0,1.0,1.0,0.0
637,4,0.0,0.0,0.0,0.0,1.0,0.0
638,5,0.0,0.0,0.0,1.0,1.0,0.0
639,5,0.0,0.0,0.0,1.0,1.0,0.0
640,2,0.0,0.0,0.0,1.0,1.0,0.0
641,4,0.0,0.0,0.0,0.0,1.0,0.0
642,1,0.0,0.0,0.0,1.0,1.0,0.0
643,3,0.0,0.0,0.0,0.0,1.0,0.0
644,4,0.0,0.0,0.0,1.0,1.0,0.0
645,2,0.0,0.0,0.0,1.0,1.0,0.0
646,4,0.0,0.0,0.0,1.0,1.0,0.0
647,4,0.0,0.0,0.0,1.0,1.0,0.0
648,3,0.0,0.0,0.0,1.0,1.0,0.0
649,5,0.0,0.0,0.0,1.0,1.0,0.0
650,4,0.0,0.0,0.0,1.0,1.0,0.0
651,5,0.0,0.0,0.0,1.0,1.0,0.0
652,4,0.0,0.0,0.0,1.0,1.0,0.0
653,4,0.0,0.0,0.0,1.0,1.0,0.0
654,5,0.0,0.0,0.0,1.0,1.0,0.0
655,1,0.0,0.0,0.0,1.0,1.0,0.0
656,5,0.0,0.0,0.0,1.0,1.0,0.0
657,3,0.0,0.0,0.0,0.0,1.0,0.0
658,4,0.0,0.0,0.0,1.0,1.0,0.0
659,1,0.0,0.0,0.0,1.0,1.0,0.0
660,4,0.0,0.0,0.0,1.0,1.0,0.0
661,5,0.0,0.0,0.0,1.0,1.0,0.0
662,2,0.0,0.0,0.0,1.0,1.0,0.0
663,5,0.0,0.0,0.0,1.0,1.0,0.0
664,4,0.0,0.0,0.0,1.0,1.0,0.0
665,4,0.0,0.0,0.0,1.0,1.0,0.0
666,4,0.0,0.0,0.0,0.0,1.0,0.0
667,1,0.0,0.0,0.0,1.0,1.0,0.0
668,5,0.0,0.0,0.0,1.0,1.0,0.0
669,4,0.0,0.0,0.0,1.0,1.0,0.0
670,1,0.0,0.0,0.0,1.0,1.0,0.0
671,5,0.0,0.0,0.0,1.0,1.0,0.0
672,4,0.0,0.0,0.0,1.0,1.0,0.0
673,5,0.0,0.0,0.0,1.0,1.0,0.0
674,4,0.0,0.0,0.0,1.0,1.0,0.0
675,4,0.0,0.0,0.0,1.0,1.0,0.0
676,4,0.0,0.0,0.0,1.0,1.0,0.0
677,1,0.0,0.0,0.0,0.0,1.0,0.0
678,4,0.0,0.0,0.0,1.0,1.0,0.0
679,4,0.0,0.0,0.0,0.0,1.0,0.0
680,3,0.0,0.0,0.0,1.0,1.0,0.0
681,3,0.0,0.0,0.0,1.0,1.0,0.0
682,4,0.0,0.0,0.0,1.0,1.0,0.0
683,4,0.0,0.0,0.0,1.0,1.0,0.0
684,5,0.0,0.0,0.0,1.0,1.0,0.0
685,4,0.0,0.0,0.0,1.0,1.0,0.0
686,5,0.0,0.0,0.0,1.0,1.0,0.0
687,1,0.0,0.0,0.0,1.0,1.0,0.0
688,4,0.0,0.0,0.0,1.0,1.0,0.0
689,4,0.0,0.0,0.0,1.0,1.0,0.0
690,3,0.0,0.0,0.0,0.0,1.0,0.0
691,1,0.0,0.0,0.0,0.0,1.0,0.0
692,4,0.0,0.0,0.0,1.0,1.0,0.0
693,2,0.0,0.0,0.0,1.0,1.0,0.0
694,2,0.0,0.0,0.0,1.0,1.0,0.0
695,4,0.0,0.0,0.0,1.0,1.0,0.0
696,2,0.0,0.0,0.0,1.0,1.0,0.0
697,5,0.0,0.0,0.0,1.0,1.0,0.0
698,5,0.0,0.0,0.0,1.0,1.0,0.0
699,4,0.0,0.0,0.0,1.0,1.0,0.0
700,5,0.0,0.0,0.0,1.0,1.0,0.0
701,3,0.0,0.0,0.0,1.0,1.0,0.0
702,5,0.0,0.0,0.0,0.0,1.0,0.0
703,5,0.0,0.0,0.0,1.0,1.0,0.0
704,5,0.0,0.0,0.0,1.0,1.0,0.0
705,2,0.0,0.0,0.0,1.0,1.0,0.0
706,1,0.0,0.0,0.0,1.0,1.0,0.0
707,1,0.0,0.0,0.0,1.0,1.0,0.0
708,4,0.0,0.0,0.0,1.0,1.0,0.0
709,3,0.0,0.0,0.0,1.0,1.0,0.0
710,1,0.0,0.0,0.0,1.0,1.0,0.0
711,1,0.0,0.0,0.0,0.0,1.0,0.0
712,2,0.0,0.0,0.0,0.0,1.0,0.0
713,5,0.0,0.0,0.0,1.0,1.0,0.0
714,4,0.0,0.0,0.0,1.0,1.0,0.0
715,2,0.0,0.0,0.0,1.0,1.0,0.0
716,4,0.0,0.0,0.0,1.0,1.0,0.0
717,4,0.0,0.0,0.0,1.0,1.0,0.0
718,5,0.0,0.0,0.0,0.0,1.0,0.0
719,5,0.0,0.0,0.0,1.0,1.0,0.0
720,4,0.0,0.0,0.0,1.0,1.0,0.0
721,4,0.0,0.0,0.0,1.0,1.0,0.0
722,5,0.0,0.0,0.0,1.0,1.0,0.0
723,5,0.0,0.0,0.0,1.0,1.0,0.0
724,4,0.0,0.0,0.0,1.0,1.0,0.0
725,4,0.0,0.0,0.0,1.0,1.0,0.0
726,2,0.0,0.0,0.0,1.0,1.0,0.0
727,4,0.0,0.0,0.0,1.0,1.0,0.0
728,5,0.0,0.0,0.0,1.0,1.0,0.0
729,4,0.0,0.0,0.0,1.0,1.0,0.0
730,2,0.0,0.0,0.0,1.0,1.0,0.0
731,4,0.0,0.0,0.0,1.0,1.0,0.0
732,1,0.0,0.0,0.0,1.0,1.0,0.0
733,5,0.0,0.0,0.0,1.0,1.0,0.0
734,1,0.0,0.0,0.0,0.0,1.0,0.0
735,4,0.0,0.0,0.0,1.0,1.0,0.0
736,2,0.0,0.0,0.0,1.0,1.0,0.0
737,3,0.0,0.0,0.0,1.0,1.0,0.0
738,4,0.0,0.0,0.0,1.0,1.0,0.0
739,2,0.0,0.0,0.0,1.0,1.0,0.0
740,5,0.0,0.0,0.0,1.0,1.0,0.0
741,1,0.0,0.0,0.0,0.0,1.0,0.0
742,4,0.0,0.0,0.0,1.0,1.0,0.0
743,1,0.0,0.0,0.0,1.0,1.0,0.0
744,4,0.0,0.0,0.0,1.0,1.0,0.0
745,1,0.0,0.0,0.0,1.0,1.0,0.0
746,4,0.0,0.0,0.0,1.0,1.0,0.0
747,1,0.0,0.0,0.0,1.0,1.0,0.0
748,2,0.0,0.0,0.0,1.0,1.0,0.0
749,5,0.0,0.0,0.0,1.0,1.0,0.0
750,3,0.0,0.0,0.0,1.0,1.0,0.0
751,4,0.0,0.0,0.0,1.0,1.0,0.0
752,5,0.0,0.0,0.0,1.0,1.0,0.0
753,4,0.0,0.0,0.0,1.0,1.0,0.0
754,2,0.0,0.0,0.0,0.0,1.0,0.0
755,1,0.0,0.0,0.0,1.0,1.0,0.0
756,5,0.0,0.0,0.0,1.0,1.0,0.0
757,4,0.0,0.0,0.0,1.0,1.0,0.0
758,3,0.0,0.0,0.0,1.0,1.0,0.0
759,2,0.0,0.0,0.0,1.0,1.0,0.0
760,2,0.0,0.0,0.0,1.0,1.0,0.0
761,1,0.0,0.0,0.0,1.0,1.0,0.0
762,3,0.0,0.0,0.0,1.0,1.0,0.0
763,2,0.0,0.0,0.0,1.0,1.0,0.0
764,1,0.0,0.0,0.0,1.0,1.0,0.0
765,2,0.0,0.0,0.0,1.0,1.0,0.0
766,1,0.0,0.0,0.0,1.0,1.0,0.0
767,5,0.0,0.0,0.0,1.0,1.0,0.0
768,3,0.0,0.0,0.0,1.0,1.0,0.0
769,2,0.0,0.0,0.0,1.0,1.0,0.0
770,2,0.0,0.0,0.0,0.0,1.0,0.0
771,1,0.0,0.0,0.0,1.0,1.0,0.0
772,5,0.0,0.0,0.0,1.0,1.0,0.0
773,5,0.0,0.0,0.0,0.0,1.0,0.0
774,4,0.0,0.0,0.0,1.0,1.0,0.0
775,1,0.0,0.0,0.0,0.0,1.0,0.0
776,1,0.0,0.0,0.0,1.0,1.0,0.0
777,2,0.0,0.0,0.0,0.0,1.0,0.0
778,2,0.0,0.0,0.0,1.0,1.0,0.0
779,5,0.0,0.0,0.0,1.0,1.0,0.0
780,1,0.0,0.0,0.0,1.0,1.0,0.0
781,1,0.0,0.0,0.0,1.0,1.0,0.0
782,3,0.0,0.0,0.0,1.0,1.0,0.0
783,2,0.0,0.0,0.0,1.0,1.0,0.0
784,1,0.0,0.0,0.0,1.0,1.0,0.0
785,5,0.0,0.0,0.0,1.0,1.0,0.0
786,5,0.0,0.0,0.0,1.0,1.0,0.0
787,4,0.0,0.0,0.0,1.0,1.0,0.0
788,1,0.0,0.0,0.0,1.0,1.0,0.0
789,4,0.0,0.0,0.0,1.0,1.0,0.0
790,1,0.0,0.0,0.0,1.0,1.0,0.0
791,4,0.0,0.0,0.0,1.0,1.0,0.0
792,4,0.0,0.0,0.0,1.0,1.0,0.0
793,2,0.0,0.0,0.0,1.0,1.0,0.0
794,1,0.0,0.0,0.0,1.0,1.0,0.0
795,5,0.0,0.0,0.0,0.0,1.0,0.0
796,1,0.0,0.0,0.0,1.0,1.0,0.0
797,5,0.0,0.0,0.0,1.0,1.0,0.0
798,5,0.0,0.0,0.0,1.0,1.0,0.0
799,5,0.0,0.0,0.0,1.0,1.0,0.0
800,1,0.0,0.0,0.0,1.0,1.0,0.0
801,1,0.0,0.0,0.0,1.0,1.0,0.0
802,1,0.0,0.0,0.0,1.0,1.0,0.0
803,4,0.0,0.0,0.0,1.0,1.0,0.0
804,3,0.0,0.0,0.0,1.0,1.0,0.0
805,1,0.0,0.0,0.0,1.0,1.0,0.0
806,1,0.0,0.0,0.0,1.0,1.0,0.0
807,1,0.0,0.0,0.0,1.0,1.0,0.0
808,5,0.0,0.0,0.0,1.0,1.0,0.0
809,5,0.0,0.0,0.0,1.0,1.0,0.0
810,1,0.0,0.0,0.0,0.0,1.0,0.0
811,3,0.0,0.0,0.0,1.0,1.0,0.0
812,1,0.0,0.0,0.0,0.0,1.0,0.0
813,4,0.0,0.0,0.0,1.0,1.0,0.0
814,4,0.0,0.0,0.0,1.0,1.0,0.0
815,5,0.0,0.0,0.0,1.0,1.0,0.0
816,4,0.0,0.0,0.0,1.0,1.0,0.0
817,4,0.0,0.0,0.0,1.0,1.0,0.0
818,5,0.0,0.0,0.0,1.0,1.0,0.0
819,3,0.0,0.0,0.0,1.0,1.0,0.0
820,1,0.0,0.0,0.0,1.0,1.0,0.0
821,1,0.0,0.0,0.0,1.0,1.0,0.0
822,1,0.0,0.0,0.0,1.0,1.0,0.0
823,4,0.0,0.0,0.0,1.0,1.0,0.0
824,3,0.0,0.0,0.0,1.0,1.0,0.0
825,5,0.0,0.0,0.0,1.0,1.0,0.0
826,5,0.0,0.0,0.0,1.0,1.0,0.0
827,4,0.0,0.0,0.0,1.0,1.0,0.0
828,1,0.0,0.0,0.0,0.0,1.0,0.0
829,5,0.0,0.0,0.0,1.0,1.0,0.0
830,2,0.0,0.0,0.0,1.0,1.0,0.0
831,1,0.0,0.0,0.0,1.0,1.0,0.0
832,2,0.0,0.0,0.0,1.0,1.0,0.0
833,1,0.0,0.0,0.0,1.0,1.0,0.0
834,1,0.0,0.0,0.0,0.0,1.0,0.0
835,1,0.0,0.0,0.0,0.0,1.0,0.0
836,1,0.0,0.0,0.0,1.0,1.0,0.0
837,4,0.0,0.0,0.0,1.0,1.0,0.0
838,5,0.0,0.0,0.0,1.0,1.0,0.0
839,4,0.0,0.0,0.0,1.0,1.0,0.0
840,1,0.0,0.0,0.0,1.0,1.0,0.0
841,2,0.0,0.0,0.0,1.0,1.0,0.0
842,4,0.0,0.0,0.0,1.0,1.0,0.0
843,2,0.0,0.0,0.0,1.0,1.0,0.0
844,1,0.0,0.0,0.0,1.0,1.0,0.0
845,1,0.0,0.0,0.0,0.0,1.0,0.0
846,3,0.0,0.0,0.0,1.0,1.0,0.0
847,1,0.0,0.0,0.0,1.0,1.0,0.0
848,4,0.0,0.0,0.0,1.0,1.0,0.0
849,5,0.0,0.0,0.0,1.0,1.0,0.0
850,5,0.0,0.0,0.0,1.0,1.0,0.0
851,4,0.0,0.0,0.0,1.0,1.0,0.0
852,1,0.0,0.0,0.0,1.0,1.0,0.0
853,3,0.0,0.0,0.0,0.0,1.0,0.0
854,1,0.0,0.0,0.0,1.0,1.0,0.0
855,1,0.0,0.0,0.0,0.0,1.0,0.0
856,4,0.0,0.0,0.0,0.0,1.0,0.0
857,5,0.0,0.0,0.0,1.0,1.0,0.0
858,3,0.0,0.0,0.0,1.0,1.0,0.0
859,4,0.0,0.0,0.0,1.0,1.0,0.0
860,4,0.0,0.0,0.0,1.0,1.0,0.0
861,1,0.0,0.0,0.0,0.0,1.0,0.0
862,2,0.0,0.0,0.0,1.0,1.0,0.0
863,1,0.0,0.0,0.0,1.0,1.0,0.0
864,4,0.0,0.0,0.0,1.0,1.0,0.0
865,1,0.0,0.0,0.0,1.0,1.0,0.0
866,4,0.0,0.0,0.0,1.0,1.0,0.0
867,1,0.0,0.0,0.0,1.0,1.0,0.0
868,1,0.0,0.0,0.0,1.0,1.0,0.0
869,1,0.0,0.0,0.0,1.0,1.0,0.0
870,1,0.0,0.0,0.0,1.0,1.0,0.0
871,1,0.0,0.0,0.0,1.0,1.0,0.0
872,1,0.0,0.0,0.0,1.0,1.0,0.0
873,1,0.0,0.0,0.0,0.0,1.0,0.0
874,5,0.0,0.0,0.0,1.0,1.0,0.0
875,1,0.0,0.0,0.0,0.0,1.0,0.0
876,5,0.0,0.0,0.0,1.0,1.0,0.0
877,3,0.0,0.0,0.0,0.0,1.0,0.0
878,4,0.0,0.0,0.0,1.0,1.0,0.0
879,3,0.0,0.0,0.0,1.0,1.0,0.0
880,4,0.0,0.0,0.0,1.0,1.0,0.0
881,4,0.0,0.0,0.0,1.0,1.0,0.0
882,3,0.0,0.0,0.0,1.0,1.0,0.0
883,3,0.0,0.0,0.0,0.0,1.0,0.0
884,3,0.0,0.0,0.0,1.0,1.0,0.0
885,1,0.0,0.0,0.0,1.0,1.0,0.0
886,4,0.0,0.0,0.0,1.0,1.0,0.0
887,5,0.0,0.0,0.0,1.0,1.0,0.0
888,3,0.0,0.0,0.0,1.0,1.0,0.0
889,1,0.0,0.0,0.0,0.0,1.0,0.0
890,1,0.0,0.0,0.0,1.0,1.0,0.0
891,5,0.0,0.0,0.0,1.0,1.0,0.0
892,2,0.0,0.0,0.0,1.0,1.0,0.0
893,3,0.0,0.0,0.0,1.0,1.0,0.0
894,4,0.0,0.0,0.0,1.0,1.0,0.0
895,1,0.0,0.0,0.0,0.0,1.0,0.0
896,1,0.0,0.0,0.0,1.0,1.0,0.0
897,4,0.0,0.0,0.0,1.0,1.0,0.0
898,5,0.0,0.0,0.0,1.0,1.0,1.0
899,4,0.0,0.0,0.0,1.0,1.0,1.0
900,1,0.0,0.0,0.0,1.0,1.0,0.0
901,4,0.0,0.0,0.0,1.0,1.0,1.0
902,5,0.0,0.0,0.0,1.0,1.0,1.0
903,5,0.0,0.0,0.0,1.0,1.0,1.0
904,1,0.0,0.0,0.0,1.0,1.0,1.0
905,5,0.0,0.0,0.0,1.0,1.0,1.0
906,4,0.0,0.0,0.0,1.0,1.0,1.0
907,1,0.0,0.0,0.0,1.0,1.0,0.0
908,2,0.0,0.0,0.0,1.0,1.0,1.0
909,4,0.0,0.0,0.0,1.0,1.0,1.0
910,5,0.0,0.0,0.0,1.0,1.0,0.0
911,2,0.0,0.0,0.0,1.0,1.0,0.0
912,5,0.0,0.0,0.0,1.0,1.0,1.0
913,4,0.0,0.0,0.0,1.0,1.0,1.0
914,1,0.0,0.0,0.0,1.0,1.0,0.0
915,2,0.0,0.0,0.0,1.0,1.0,0.0
916,4,0.0,0.0,0.0,1.0,1.0,1.0
917,1,0.0,0.0,0.0,1.0,1.0,0.0
918,4,0.0,0.0,0.0,1.0,1.0,1.0
919,3,0.0,0.0,0.0,1.0,1.0,1.0
920,3,0.0,0.0,0.0,1.0,1.0,1.0
921,5,0.0,0.0,0.0,1.0,1.0,1.0
922,5,0.0,0.0,0.0,1.0,1.0,1.0
923,5,0.0,0.0,0.0,1.0,1.0,0.0
924,4,0.0,0.0,0.0,1.0,1.0,1.0
925,5,0.0,0.0,0.0,1.0,1.0,1.0
926,1,0.0,0.0,0.0,1.0,1.0,0.0
927,5,0.0,0.0,0.0,1.0,1.0,1.0
928,3,0.0,0.0,0.0,1.0,1.0,0.0
929,5,0.0,0.0,0.0,1.0,1.0,0.0
930,5,0.0,0.0,0.0,1.0,1.0,1.0
931,5,0.0,0.0,0.0,1.0,1.0,1.0
932,1,0.0,0.0,0.0,1.0,1.0,1.0
933,5,0.0,0.0,0.0,1.0,1.0,1.0
934,1,0.0,0.0,0.0,1.0,1.0,1.0
935,4,0.0,0.0,0.0,1.0,1.0,1.0
936,4,0.0,0.0,0.0,1.0,1.0,0.0
937,4,0.0,0.0,0.0,1.0,1.0,1.0
938,2,0.0,0.0,0.0,1.0,1.0,1.0
939,4,0.0,0.0,0.0,1.0,1.0,0.0
940,5,0.0,0.0,0.0,1.0,1.0,1.0
941,2,0.0,0.0,0.0,1.0,1.0,1.0
942,5,0.0,0.0,0.0,1.0,1.0,1.0
943,5,0.0,0.0,0.0,1.0,1.0,0.0
944,5,0.0,0.0,0.0,1.0,1.0,1.0
945,5,0.0,0.0,0.0,1.0,1.0,1.0
946,3,0.0,0.0,0.0,1.0,1.0,1.0
947,5,0.0,0.0,0.0,1.0,1.0,1.0
948,5,0.0,0.0,0.0,1.0,1.0,1.0
949,4,0.0,0.0,0.0,1.0,1.0,1.0
950,5,0.0,0.0,0.0,1.0,1.0,1.0
951,4,0.0,0.0,0.0,1.0,1.0,1.0
952,3,0.0,0.0,0.0,1.0,1.0,1.0
953,5,0.0,0.0,0.0,1.0,1.0,1.0
954,3,0.0,0.0,0.0,1.0,1.0,1.0
955,1,0.0,0.0,0.0,1.0,1.0,0.0
956,4,0.0,0.0,0.0,1.0,1.0,1.0
957,4,0.0,0.0,0.0,1.0,1.0,0.0
958,4,0.0,0.0,0.0,1.0,1.0,1.0
959,4,0.0,0.0,0.0,1.0,1.0,1.0
960,3,0.0,0.0,0.0,1.0,1.0,1.0
961,5,0.0,0.0,0.0,1.0,1.0,0.0
962,3,0.0,0.0,0.0,1.0,1.0,1.0
963,4,0.0,0.0,0.0,1.0,1.0,0.0
964,2,0.0,0.0,0.0,1.0,1.0,1.0
965,5,0.0,0.0,0.0,1.0,1.0,1.0
966,4,0.0,0.0,0.0,1.0,1.0,0.0
967,4,0.0,0.0,0.0,1.0,1.0,1.0
968,4,0.0,0.0,0.0,1.0,1.0,0.0
969,1,0.0,0.0,0.0,1.0,1.0,1.0
970,3,0.0,0.0,0.0,1.0,1.0,1.0
971,5,0.0,0.0,0.0,1.0,1.0,1.0
972,1,0.0,0.0,0.0,1.0,1.0,0.0
973,5,0.0,0.0,0.0,1.0,1.0,1.0
974,5,0.0,0.0,0.0,1.0,1.0,0.0
975,5,0.0,0.0,0.0,1.0,1.0,1.0
976,5,0.0,0.0,0.0,1.0,1.0,1.0
977,4,0.0,0.0,0.0,1.0,1.0,0.0
978,5,0.0,0.0,0.0,1.0,1.0,0.0
979,4,0.0,0.0,0.0,1.0,1.0,1.0
980,4,0.0,0.0,0.0,1.0,1.0,1.0
981,4,0.0,0.0,0.0,1.0,1.0,0.0
982,3,0.0,0.0,0.0,1.0,1.0,1.0
983,4,0.0,0.0,0.0,1.0,1.0,1.0
984,5,0.0,0.0,0.0,1.0,1.0,0.0
985,2,0.0,0.0,0.0,1.0,1.0,1.0
986,5,0.0,0.0,0.0,1.0,1.0,1.0
987,1,0.0,0.0,0.0,1.0,1.0,0.0
988,4,0.0,0.0,0.0,1.0,1.0,1.0
989,5,0.0,0.0,0.0,1.0,1.0,1.0
990,3,0.0,0.0,0.0,1.0,1.0,1.0
991,2,0.0,0.0,0.0,1.0,1.0,0.0
992,4,0.0,0.0,0.0,1.0,1.0,1.0
993,5,0.0,0.0,0.0,1.0,1.0,1.0
994,4,0.0,0.0,0.0,1.0,1.0,0.0
995,5,0.0,0.0,0.0,1.0,1.0,1.0
996,5,0.0,0.0,0.0,1.0,1.0,0.0
997,3,0.0,0.0,0.0,1.0,1.0,1.0
998,4,0.0,0.0,0.0,1.0,1.0,1.0
999,1,0.0,0.0,0.0,1.0,1.0,0.0
1000,5,0.0,0.0,0.0,1.0,1.0,0.0
1001,5,0.0,0.0,0.0,1.0,1.0,1.0
1002,3,0.0,0.0,0.0,1.0,1.0,0.0
1003,5,0.0,0.0,0.0,1.0,1.0,1.0
1004,5,0.0,0.0,0.0,1.0,1.0,1.0
1005,5,0.0,0.0,0.0,1.0,1.0,1.0
1006,5,0.0,0.0,0.0,1.0,1.0,1.0
1007,4,0.0,0.0,0.0,1.0,1.0,1.0
1008,4,0.0,0.0,0.0,1.0,1.0,1.0
1009,4,0.0,0.0,0.0,1.0,1.0,0.0
1010,3,0.0,0.0,0.0,1.0,1.0,1.0
1011,4,0.0,0.0,0.0,1.0,1.0,1.0
1012,4,0.0,0.0,0.0,1.0,1.0,1.0
1013,5,0.0,0.0,0.0,1.0,1.0,1.0
1014,4,0.0,0.0,0.0,1.0,1.0,1.0
1015,3,0.0,0.0,0.0,1.0,1.0,1.0
1016,4,0.0,0.0,0.0,1.0,1.0,1.0
1017,5,0.0,0.0,0.0,1.0,1.0,0.0
1018,4,0.0,0.0,0.0,1.0,1.0,1.0
1019,5,0.0,0.0,0.0,1.0,1.0,1.0
1020,4,0.0,0.0,0.0,1.0,1.0,1.0
1021,5,0.0,0.0,0.0,1.0,1.0,1.0
1022,5,0.0,0.0,0.0,1.0,1.0,1.0
1023,5,0.0,0.0,0.0,1.0,1.0,1.0
1024,5,0.0,0.0,0.0,1.0,1.0,1.0
1025,5,0.0,0.0,0.0,1.0,1.0,1.0
1026,5,0.0,0.0,0.0,1.0,1.0,1.0
1027,5,0.0,0.0,0.0,1.0,1.0,1.0
1028,3,0.0,0.0,0.0,1.0,1.0,1.0
1029,5,0.0,0.0,0.0,1.0,1.0,1.0
1030,4,0.0,0.0,0.0,1.0,1.0,0.0
1031,1,0.0,0.0,0.0,1.0,1.0,1.0
1032,5,0.0,0.0,0.0,1.0,1.0,1.0
1033,4,0.0,0.0,0.0,1.0,1.0,0.0
1034,3,0.0,0.0,0.0,1.0,1.0,1.0
1035,3,0.0,0.0,0.0,1.0,1.0,1.0
1036,5,0.0,0.0,0.0,1.0,1.0,1.0
1037,5,0.0,0.0,0.0,1.0,1.0,1.0
1038,1,0.0,0.0,0.0,1.0,1.0,0.0
1039,5,0.0,0.0,0.0,1.0,1.0,1.0
1040,2,0.0,0.0,0.0,1.0,1.0,0.0
1041,3,0.0,0.0,0.0,1.0,1.0,1.0
1042,5,0.0,0.0,0.0,1.0,1.0,1.0
1043,5,0.0,0.0,0.0,1.0,1.0,1.0
1044,5,0.0,0.0,0.0,1.0,1.0,0.0
1045,5,0.0,0.0,0.0,1.0,1.0,1.0
1046,5,0.0,0.0,0.0,1.0,1.0,0.0
1047,5,0.0,0.0,0.0,1.0,1.0,1.0
1048,1,0.0,0.0,0.0,1.0,1.0,1.0
1049,5,0.0,0.0,0.0,1.0,1.0,1.0
1050,5,0.0,0.0,0.0,1.0,1.0,0.0
1051,4,0.0,0.0,0.0,1.0,1.0,0.0
1052,4,0.0,0.0,0.0,1.0,1.0,1.0
1053,3,0.0,0.0,0.0,1.0,1.0,1.0
1054,5,0.0,0.0,0.0,1.0,1.0,1.0
1055,2,0.0,0.0,0.0,1.0,1.0,1.0
1056,4,0.0,0.0,0.0,1.0,1.0,1.0
1057,1,0.0,0.0,0.0,1.0,1.0,0.0
1058,2,0.0,0.0,0.0,1.0,1.0,1.0
1059,3,0.0,0.0,0.0,1.0,1.0,1.0
1060,4,0.0,0.0,0.0,1.0,1.0,1.0
1061,4,0.0,0.0,0.0,1.0,1.0,1.0
1062,3,0.0,0.0,0.0,1.0,1.0,1.0
1063,5,0.0,0.0,0.0,1.0,1.0,1.0
1064,4,0.0,0.0,0.0,1.0,1.0,1.0
1065,4,0.0,0.0,0.0,1.0,1.0,1.0
1066,1,0.0,0.0,0.0,1.0,1.0,0.0
1067,5,0.0,0.0,0.0,1.0,1.0,1.0
1068,3,0.0,0.0,0.0,1.0,1.0,1.0
1069,2,0.0,0.0,0.0,1.0,1.0,0.0
1070,1,0.0,0.0,0.0,1.0,1.0,0.0
1071,5,0.0,0.0,0.0,1.0,1.0,1.0
1072,4,0.0,0.0,0.0,1.0,1.0,0.0
1073,1,0.0,0.0,0.0,1.0,1.0,1.0
1074,4,0.0,0.0,0.0,1.0,1.0,0.0
1075,1,0.0,0.0,0.0,1.0,1.0,0.0
1076,3,0.0,0.0,0.0,1.0,1.0,1.0
1077,4,0.0,0.0,0.0,1.0,1.0,1.0
1078,2,0.0,0.0,0.0,1.0,1.0,0.0
1079,5,0.0,0.0,0.0,1.0,1.0,1.0
1080,5,0.0,0.0,0.0,1.0,1.0,1.0
1081,2,0.0,0.0,0.0,1.0,1.0,0.0
1082,4,0.0,0.0,0.0,1.0,1.0,1.0
1083,4,0.0,0.0,0.0,1.0,1.0,1.0
1084,3,0.0,0.0,0.0,1.0,1.0,0.0
1085,3,0.0,0.0,0.0,1.0,1.0,0.0
1086,4,0.0,0.0,0.0,1.0,1.0,1.0
1087,4,0.0,0.0,0.0,1.0,1.0,0.0
1088,4,0.0,0.0,0.0,1.0,1.0,1.0
1089,1,0.0,0.0,0.0,1.0,1.0,0.0
1090,4,0.0,0.0,0.0,1.0,1.0,0.0
1091,5,0.0,0.0,0.0,1.0,1.0,0.0
1092,3,0.0,0.0,0.0,1.0,1.0,0.0
1093,4,0.0,0.0,0.0,1.0,1.0,1.0
1094,4,0.0,0.0,0.0,1.0,1.0,0.0
1095,4,0.0,0.0,0.0,1.0,1.0,0.0
1096,5,0.0,0.0,0.0,1.0,1.0,1.0
1097,3,0.0,0.0,0.0,1.0,1.0,1.0
1098,4,0.0,0.0,0.0,1.0,1.0,1.0
1099,3,0.0,0.0,0.0,1.0,1.0,1.0
1100,5,0.0,0.0,0.0,1.0,1.0,1.0
1101,3,0.0,0.0,0.0,1.0,1.0,1.0
1102,5,0.0,0.0,0.0,1.0,1.0,1.0
1103,5,0.0,0.0,0.0,1.0,1.0,1.0
1104,5,0.0,0.0,0.0,0.0,1.0,0.0
1105,2,0.0,0.0,0.0,1.0,1.0,1.0
1106,1,0.0,0.0,0.0,1.0,1.0,1.0
1107,1,0.0,0.0,0.0,1.0,1.0,1.0
1108,1,0.0,0.0,0.0,1.0,1.0,0.0
1109,4,0.0,0.0,0.0,1.0,1.0,0.0
1110,1,0.0,0.0,0.0,1.0,1.0,0.0
1111,4,0.0,0.0,0.0,0.0,1.0,0.0
1112,1,0.0,0.0,0.0,1.0,1.0,1.0
1113,5,0.0,0.0,0.0,1.0,1.0,1.0
1114,4,0.0,0.0,0.0,1.0,1.0,1.0
1115,3,0.0,0.0,0.0,1.0,1.0,0.0
1116,2,0.0,0.0,0.0,1.0,1.0,1.0
1117,5,0.0,0.0,0.0,0.0,1.0,0.0
1118,4,0.0,0.0,0.0,1.0,1.0,0.0
1119,4,0.0,0.0,0.0,1.0,1.0,1.0
1120,3,0.0,0.0,0.0,1.0,1.0,1.0
1121,4,0.0,0.0,0.0,1.0,1.0,1.0
1122,3,0.0,0.0,0.0,1.0,1.0,1.0
1123,5,0.0,0.0,0.0,1.0,1.0,0.0
1124,4,0.0,0.0,0.0,1.0,1.0,0.0
1125,4,0.0,0.0,0.0,1.0,1.0,1.0
1126,3,0.0,0.0,0.0,1.0,1.0,1.0
1127,5,0.0,0.0,0.0,1.0,1.0,1.0
1128,2,0.0,0.0,0.0,1.0,1.0,0.0
1129,4,0.0,0.0,0.0,1.0,1.0,0.0
1130,5,0.0,0.0,0.0,1.0,1.0,1.0
1131,5,0.0,0.0,0.0,1.0,1.0,1.0
1132,4,0.0,0.0,0.0,1.0,1.0,1.0
1133,4,0.0,0.0,0.0,1.0,1.0,1.0
1134,5,0.0,0.0,0.0,1.0,1.0,0.0
1135,3,0.0,0.0,0.0,1.0,1.0,0.0
1136,5,0.0,0.0,0.0,1.0,1.0,1.0
1137,1,0.0,0.0,0.0,1.0,1.0,0.0
1138,4,0.0,0.0,0.0,1.0,1.0,1.0
1139,3,0.0,0.0,0.0,0.0,1.0,0.0
1140,5,0.0,0.0,0.0,1.0,1.0,1.0
1141,5,0.0,0.0,0.0,1.0,1.0,1.0
1142,5,0.0,0.0,0.0,0.0,1.0,0.0
1143,3,0.0,0.0,0.0,1.0,1.0,0.0
1144,5,0.0,0.0,0.0,0.0,1.0,0.0
1145,5,0.0,0.0,0.0,1.0,1.0,1.0
1146,5,0.0,0.0,0.0,1.0,1.0,0.0
1147,2,0.0,0.0,0.0,1.0,1.0,1.0
1148,1,0.0,0.0,0.0,1.0,1.0,0.0
1149,4,0.0,0.0,0.0,1.0,1.0,0.0
1150,3,0.0,0.0,0.0,1.0,1.0,0.0
1151,4,0.0,0.0,0.0,1.0,1.0,0.0
1152,1,0.0,0.0,0.0,1.0,1.0,0.0
1153,2,0.0,0.0,0.0,0.0,1.0,0.0
1154,5,0.0,0.0,0.0,1.0,1.0,1.0
1155,4,0.0,0.0,0.0,0.0,1.0,0.0
1156,5,0.0,0.0,0.0,1.0,1.0,1.0
1157,2,0.0,0.0,0.0,1.0,1.0,1.0
1158,5,0.0,0.0,0.0,1.0,1.0,0.0
1159,5,0.0,0.0,0.0,1.0,1.0,1.0
1160,5,0.0,0.0,0.0,1.0,1.0,1.0
1161,5,0.0,0.0,0.0,1.0,1.0,1.0
1162,1,0.0,0.0,0.0,1.0,1.0,0.0
1163,5,0.0,0.0,0.0,0.0,1.0,0.0
1164,5,0.0,0.0,0.0,0.0,1.0,0.0
1165,5,0.0,0.0,0.0,1.0,1.0,0.0
1166,5,0.0,0.0,0.0,1.0,1.0,1.0
1167,5,0.0,0.0,0.0,0.0,1.0,0.0
1168,1,0.0,0.0,0.0,1.0,1.0,1.0
1169,4,0.0,0.0,0.0,1.0,1.0,1.0
1170,4,0.0,0.0,0.0,0.0,1.0,0.0
1171,5,0.0,0.0,0.0,0.0,1.0,0.0
1172,2,0.0,0.0,0.0,1.0,1.0,1.0
1173,5,0.0,0.0,0.0,1.0,1.0,1.0
1174,1,0.0,0.0,0.0,1.0,1.0,0.0
1175,5,0.0,0.0,0.0,0.0,1.0,0.0
1176,5,0.0,0.0,0.0,1.0,1.0,0.0
1177,5,0.0,0.0,0.0,1.0,1.0,0.0
1178,4,0.0,0.0,0.0,1.0,1.0,0.0
1179,5,0.0,0.0,0.0,1.0,1.0,0.0
1180,2,0.0,0.0,0.0,1.0,1.0,1.0
1181,4,0.0,0.0,0.0,1.0,1.0,1.0
1182,5,0.0,0.0,0.0,1.0,1.0,1.0
1183,3,0.0,0.0,0.0,1.0,1.0,1.0
1184,4,0.0,0.0,0.0,1.0,1.0,1.0
1185,4,0.0,0.0,0.0,0.0,1.0,0.0
1186,5,0.0,0.0,0.0,1.0,1.0,1.0
1187,1,0.0,0.0,0.0,1.0,1.0,0.0
1188,5,0.0,0.0,0.0,0.0,1.0,0.0
1189,4,0.0,0.0,0.0,0.0,1.0,0.0
1190,1,0.0,0.0,0.0,1.0,1.0,0.0
1191,5,0.0,0.0,0.0,1.0,1.0,0.0
1192,5,0.0,0.0,0.0,1.0,1.0,1.0
1193,5,0.0,0.0,0.0,1.0,1.0,0.0
1194,5,0.0,0.0,0.0,1.0,1.0,0.0
1195,2,0.0,0.0,0.0,0.0,1.0,1.0
1196,5,0.0,0.0,0.0,0.0,1.0,1.0
1197,4,0.0,0.0,0.0,0.0,1.0,1.0
1198,3,0.0,0.0,0.0,0.0,1.0,1.0
1199,4,0.0,0.0,0.0,0.0,1.0,1.0
1200,5,0.0,0.0,0.0,0.0,1.0,1.0
1201,4,0.0,0.0,0.0,0.0,1.0,1.0
1202,3,0.0,0.0,0.0,0.0,1.0,1.0
1203,3,0.0,0.0,0.0,0.0,1.0,1.0
1204,4,0.0,0.0,0.0,0.0,1.0,1.0
1205,5,0.0,0.0,0.0,0.0,1.0,1.0
1206,1,0.0,0.0,0.0,0.0,1.0,1.0
1207,1,0.0,0.0,0.0,0.0,1.0,1.0
1208,5,0.0,0.0,0.0,0.0,1.0,1.0
1209,1,0.0,0.0,0.0,0.0,1.0,1.0
1210,4,0.0,0.0,0.0,0.0,1.0,1.0
1211,3,0.0,0.0,0.0,0.0,1.0,1.0
1212,5,0.0,0.0,0.0,0.0,1.0,1.0
1213,3,0.0,0.0,0.0,0.0,1.0,1.0
1214,4,0.0,0.0,0.0,0.0,1.0,1.0
1215,1,0.0,0.0,0.0,0.0,1.0,1.0
1216,4,0.0,0.0,0.0,0.0,1.0,1.0
1217,1,0.0,0.0,0.0,0.0,1.0,1.0
1218,1,0.0,0.0,0.0,0.0,1.0,1.0
1219,3,0.0,0.0,0.0,0.0,1.0,1.0
1220,5,0.0,0.0,0.0,0.0,1.0,1.0
1221,5,0.0,0.0,0.0,0.0,1.0,1.0
1222,4,0.0,0.0,0.0,0.0,1.0,1.0
1223,5,0.0,0.0,0.0,0.0,1.0,1.0
1224,4,0.0,0.0,0.0,0.0,1.0,1.0
1225,5,0.0,0.0,0.0,0.0,1.0,1.0
1226,5,0.0,0.0,0.0,0.0,1.0,1.0
1227,1,0.0,0.0,0.0,0.0,1.0,1.0
1228,4,0.0,0.0,0.0,0.0,1.0,1.0
1229,5,0.0,0.0,0.0,0.0,1.0,1.0
1230,4,0.0,0.0,0.0,0.0,1.0,1.0
1231,1,0.0,0.0,0.0,0.0,1.0,1.0
1232,4,0.0,0.0,0.0,0.0,1.0,1.0
1233,5,0.0,0.0,0.0,0.0,1.0,1.0
1234,4,0.0,0.0,0.0,0.0,1.0,1.0
1235,1,0.0,0.0,0.0,0.0,1.0,1.0
1236,5,0.0,0.0,0.0,0.0,1.0,1.0
1237,2,0.0,0.0,0.0,0.0,1.0,1.0
1238,4,0.0,0.0,0.0,0.0,1.0,1.0
1239,5,0.0,0.0,0.0,0.0,1.0,1.0
1240,4,0.0,0.0,0.0,1.0,1.0,0.0
1241,5,0.0,0.0,0.0,0.0,1.0,1.0
1242,4,0.0,0.0,0.0,0.0,1.0,1.0
1243,5,0.0,0.0,0.0,1.0,1.0,0.0
1244,5,0.0,0.0,0.0,0.0,1.0,1.0
1245,5,0.0,0.0,0.0,1.0,1.0,0.0
1246,5,0.0,0.0,0.0,1.0,1.0,0.0
1247,5,0.0,0.0,0.0,0.0,1.0,1.0
1248,4,0.0,0.0,0.0,1.0,1.0,0.0
1249,5,0.0,0.0,0.0,1.0,1.0,0.0
1250,5,0.0,0.0,0.0,0.0,1.0,1.0
1251,1,0.0,0.0,0.0,1.0,1.0,0.0
1252,5,0.0,0.0,0.0,0.0,1.0,1.0
1253,4,0.0,0.0,0.0,1.0,1.0,0.0
1254,2,0.0,0.0,0.0,1.0,1.0,0.0
1255,5,0.0,0.0,0.0,0.0,1.0,1.0
1256,2,0.0,0.0,0.0,1.0,1.0,0.0
1257,5,0.0,0.0,0.0,1.0,1.0,0.0
1258,4,0.0,0.0,0.0,0.0,1.0,1.0
1259,4,0.0,0.0,0.0,1.0,1.0,0.0
1260,5,0.0,0.0,0.0,0.0,1.0,1.0
1261,5,0.0,0.0,0.0,1.0,1.0,0.0
1262,5,0.0,0.0,0.0,1.0,1.0,0.0
1263,5,0.0,0.0,0.0,0.0,1.0,1.0
1264,3,0.0,0.0,0.0,1.0,1.0,0.0
1265,5,0.0,0.0,0.0,1.0,1.0,0.0
1266,5,0.0,0.0,0.0,0.0,1.0,1.0
1267,5,0.0,0.0,0.0,1.0,1.0,0.0
1268,5,0.0,0.0,0.0,1.0,1.0,0.0
1269,1,0.0,0.0,0.0,1.0,1.0,0.0
1270,5,0.0,0.0,0.0,0.0,1.0,1.0
1271,4,0.0,0.0,0.0,1.0,1.0,0.0
1272,5,0.0,0.0,0.0,0.0,1.0,1.0
1273,4,0.0,0.0,0.0,1.0,1.0,0.0
1274,4,0.0,0.0,0.0,1.0,1.0,0.0
1275,4,0.0,0.0,0.0,1.0,1.0,0.0
1276,5,0.0,0.0,0.0,0.0,1.0,1.0
1277,5,0.0,0.0,0.0,1.0,1.0,0.0
1278,1,0.0,0.0,0.0,1.0,1.0,0.0
1279,4,0.0,0.0,0.0,1.0,1.0,0.0
1280,1,0.0,0.0,0.0,0.0,1.0,1.0
1281,5,0.0,0.0,0.0,1.0,1.0,0.0
1282,5,0.0,0.0,0.0,0.0,1.0,1.0
1283,1,0.0,0.0,0.0,1.0,1.0,0.0
1284,5,0.0,0.0,0.0,1.0,1.0,0.0
1285,4,0.0,0.0,0.0,1.0,1.0,0.0
1286,4,0.0,0.0,0.0,0.0,1.0,1.0
1287,4,0.0,0.0,0.0,0.0,1.0,1.0
1288,4,0.0,0.0,0.0,1.0,1.0,0.0
1289,1,0.0,0.0,0.0,1.0,1.0,0.0
1290,5,0.0,0.0,0.0,1.0,1.0,0.0
1291,3,0.0,0.0,0.0,0.0,1.0,1.0
1292,5,0.0,0.0,0.0,0.0,1.0,1.0
1293,5,0.0,0.0,0.0,1.0,1.0,0.0
1294,5,0.0,0.0,0.0,0.0,1.0,1.0
1295,4,0.0,0.0,0.0,1.0,1.0,0.0
1296,2,0.0,0.0,0.0,1.0,1.0,0.0
1297,4,0.0,0.0,0.0,0.0,1.0,1.0
1298,5,0.0,0.0,0.0,0.0,1.0,1.0
1299,2,0.0,0.0,0.0,1.0,1.0,0.0
1300,5,0.0,0.0,0.0,1.0,1.0,0.0
1301,1,0.0,0.0,0.0,1.0,1.0,0.0
1302,5,0.0,0.0,0.0,0.0,1.0,1.0
1303,2,0.0,0.0,0.0,1.0,1.0,0.0
1304,1,0.0,0.0,0.0,1.0,1.0,0.0
1305,5,0.0,0.0,0.0,0.0,1.0,1.0
1306,5,0.0,0.0,0.0,0.0,1.0,1.0
1307,4,0.0,0.0,0.0,0.0,1.0,1.0
1308,4,0.0,0.0,0.0,1.0,1.0,0.0
1309,4,0.0,0.0,0.0,0.0,0.0,0.0
1310,5,0.0,0.0,0.0,1.0,1.0,0.0
1311,4,0.0,0.0,0.0,1.0,1.0,0.0
1312,4,0.0,0.0,0.0,1.0,1.0,0.0
1313,5,0.0,0.0,0.0,0.0,1.0,1.0
1314,1,0.0,0.0,0.0,1.0,1.0,0.0
1315,5,0.0,0.0,0.0,1.0,1.0,0.0
1316,1,0.0,0.0,0.0,1.0,1.0,0.0
1317,5,0.0,0.0,0.0,0.0,1.0,1.0
1318,4,0.0,0.0,0.0,1.0,1.0,0.0
1319,5,0.0,0.0,0.0,0.0,1.0,1.0
1320,1,0.0,0.0,0.0,1.0,1.0,0.0
1321,5,0.0,0.0,0.0,0.0,1.0,1.0
1322,5,0.0,0.0,0.0,0.0,0.0,0.0
1323,4,0.0,0.0,0.0,1.0,1.0,0.0
1324,5,0.0,0.0,0.0,0.0,0.0,0.0
1325,5,0.0,0.0,0.0,1.0,1.0,0.0
1326,4,0.0,0.0,0.0,1.0,1.0,0.0
1327,5,0.0,0.0,0.0,0.0,0.0,0.0
1328,4,0.0,0.0,0.0,1.0,1.0,0.0
1329,5,0.0,0.0,0.0,0.0,1.0,1.0
1330,5,0.0,0.0,0.0,0.0,1.0,1.0
1331,1,0.0,0.0,0.0,1.0,1.0,0.0
1332,4,0.0,0.0,0.0,1.0,1.0,0.0
1333,3,0.0,0.0,0.0,1.0,1.0,0.0
1334,3,0.0,0.0,0.0,1.0,1.0,0.0
1335,2,0.0,0.0,0.0,1.0,1.0,0.0
1336,5,0.0,0.0,0.0,1.0,1.0,0.0
1337,4,0.0,0.0,0.0,0.0,1.0,0.0
1338,3,0.0,0.0,0.0,1.0,1.0,0.0
1339,1,0.0,0.0,0.0,1.0,1.0,0.0
1340,5,0.0,0.0,0.0,1.0,1.0,0.0
1341,2,0.0,0.0,0.0,1.0,1.0,0.0
1342,3,0.0,0.0,0.0,1.0,1.0,0.0
1343,4,0.0,0.0,0.0,1.0,1.0,0.0
1344,4,0.0,0.0,0.0,0.0,1.0,0.0
1345,5,0.0,0.0,0.0,1.0,1.0,0.0
1346,2,0.0,0.0,0.0,1.0,1.0,0.0
1347,5,0.0,0.0,0.0,0.0,1.0,0.0
1348,5,0.0,0.0,0.0,1.0,1.0,0.0
1349,3,0.0,0.0,0.0,1.0,1.0,0.0
1350,4,0.0,0.0,0.0,1.0,1.0,0.0
1351,1,0.0,0.0,0.0,1.0,1.0,0.0
1352,4,0.0,0.0,0.0,1.0,1.0,0.0
1353,2,0.0,0.0,0.0,1.0,1.0,0.0
1354,1,0.0,0.0,0.0,1.0,1.0,0.0
1355,4,0.0,0.0,0.0,1.0,1.0,0.0
1356,5,0.0,0.0,0.0,1.0,1.0,0.0
1357,3,0.0,0.0,0.0,1.0,1.0,0.0
1358,3,0.0,0.0,0.0,1.0,1.0,0.0
1359,5,0.0,0.0,0.0,1.0,1.0,0.0
1360,1,0.0,0.0,0.0,1.0,1.0,0.0
1361,3,0.0,0.0,0.0,1.0,1.0,0.0
1362,4,0.0,0.0,0.0,1.0,1.0,0.0
1363,4,0.0,0.0,0.0,1.0,1.0,0.0
1364,5,0.0,0.0,0.0,1.0,1.0,0.0
1365,4,0.0,0.0,0.0,1.0,1.0,0.0
1366,5,0.0,0.0,0.0,1.0,1.0,0.0
1367,2,0.0,0.0,0.0,1.0,1.0,0.0
1368,4,0.0,0.0,0.0,0.0,1.0,0.0
1369,2,0.0,0.0,0.0,1.0,1.0,0.0
1370,2,0.0,0.0,0.0,1.0,1.0,0.0
1371,4,0.0,0.0,0.0,1.0,1.0,0.0
1372,4,0.0,0.0,0.0,1.0,1.0,0.0
1373,5,0.0,0.0,0.0,1.0,1.0,0.0
1374,5,0.0,0.0,0.0,1.0,1.0,0.0
1375,4,0.0,0.0,0.0,1.0,1.0,0.0
1376,4,0.0,0.0,0.0,1.0,1.0,0.0
1377,5,0.0,0.0,0.0,1.0,1.0,0.0
1378,2,0.0,0.0,0.0,1.0,1.0,0.0
1379,4,0.0,0.0,0.0,1.0,1.0,0.0
1380,3,0.0,0.0,0.0,1.0,1.0,0.0
1381,1,0.0,0.0,0.0,1.0,1.0,0.0
1382,5,0.0,0.0,0.0,1.0,1.0,0.0
1383,3,0.0,0.0,0.0,1.0,1.0,0.0
1384,3,0.0,0.0,0.0,1.0,1.0,0.0
1385,3,0.0,0.0,0.0,1.0,1.0,0.0
1386,1,0.0,0.0,0.0,1.0,1.0,0.0
1387,5,0.0,0.0,0.0,0.0,1.0,0.0
1388,4,0.0,0.0,0.0,1.0,1.0,0.0
1389,3,0.0,0.0,0.0,1.0,1.0,0.0
1390,1,0.0,0.0,0.0,0.0,1.0,0.0
1391,1,0.0,0.0,0.0,1.0,1.0,0.0
1392,1,0.0,0.0,0.0,1.0,1.0,0.0
1393,5,0.0,0.0,0.0,1.0,1.0,0.0
1394,5,0.0,0.0,0.0,1.0,1.0,0.0
1395,1,0.0,0.0,0.0,1.0,1.0,0.0
1396,5,0.0,0.0,0.0,0.0,1.0,0.0
1397,2,0.0,0.0,0.0,1.0,1.0,0.0
1398,4,0.0,0.0,0.0,1.0,1.0,0.0
1399,1,0.0,0.0,0.0,1.0,1.0,0.0
1400,4,0.0,0.0,0.0,1.0,1.0,0.0
1401,5,0.0,0.0,0.0,1.0,1.0,0.0
1402,2,0.0,0.0,0.0,1.0,1.0,0.0
1403,5,0.0,0.0,0.0,1.0,1.0,0.0
1404,1,0.0,0.0,0.0,1.0,1.0,0.0
1405,4,0.0,0.0,0.0,1.0,1.0,0.0
1406,3,0.0,0.0,0.0,1.0,1.0,0.0
1407,2,0.0,0.0,0.0,1.0,1.0,0.0
1408,5,0.0,0.0,0.0,1.0,1.0,0.0
1409,1,0.0,0.0,0.0,1.0,1.0,0.0
1410,1,0.0,0.0,0.0,1.0,1.0,0.0
1411,4,0.0,0.0,0.0,1.0,1.0,0.0
1412,1,0.0,0.0,0.0,1.0,1.0,0.0
1413,3,0.0,0.0,0.0,1.0,1.0,0.0
1414,3,0.0,0.0,0.0,0.0,1.0,0.0
1415,3,0.0,0.0,0.0,1.0,1.0,0.0
1416,1,0.0,0.0,0.0,1.0,1.0,0.0
1417,1,0.0,0.0,0.0,1.0,1.0,0.0
1418,1,0.0,0.0,0.0,1.0,1.0,0.0
1419,1,0.0,0.0,0.0,1.0,1.0,0.0
1420,2,0.0,0.0,0.0,1.0,1.0,0.0
1421,1,0.0,0.0,0.0,1.0,1.0,0.0
1422,1,0.0,0.0,0.0,1.0,1.0,0.0
1423,4,0.0,0.0,0.0,1.0,1.0,0.0
1424,1,0.0,0.0,0.0,1.0,1.0,0.0
1425,5,0.0,0.0,0.0,1.0,1.0,0.0
1426,3,0.0,0.0,0.0,1.0,1.0,0.0
1427,1,0.0,0.0,0.0,1.0,1.0,0.0
1428,4,0.0,0.0,0.0,1.0,1.0,0.0
1429,1,0.0,0.0,0.0,1.0,1.0,0.0
1430,1,0.0,0.0,0.0,0.0,1.0,0.0
1431,1,0.0,0.0,0.0,1.0,1.0,0.0
1432,3,0.0,0.0,0.0,1.0,1.0,0.0
1433,1,0.0,0.0,0.0,1.0,1.0,0.0
1434,4,0.0,0.0,0.0,1.0,1.0,0.0
1435,1,0.0,0.0,0.0,1.0,1.0,0.0
1436,1,0.0,0.0,0.0,1.0,1.0,0.0
1437,1,0.0,0.0,0.0,1.0,1.0,0.0
1438,4,0.0,0.0,0.0,0.0,1.0,0.0
1439,3,0.0,0.0,0.0,1.0,1.0,0.0
1440,4,0.0,0.0,0.0,1.0,1.0,0.0
1441,1,0.0,0.0,0.0,1.0,1.0,0.0
1442,5,0.0,0.0,0.0,1.0,1.0,0.0
1443,1,0.0,0.0,0.0,0.0,1.0,0.0
1444,4,0.0,0.0,0.0,1.0,1.0,0.0
1445,2,0.0,0.0,0.0,0.0,1.0,0.0
1446,4,0.0,0.0,0.0,1.0,1.0,0.0
1447,2,0.0,0.0,0.0,1.0,1.0,0.0
1448,4,0.0,0.0,0.0,1.0,1.0,0.0
1449,3,0.0,0.0,0.0,1.0,1.0,0.0
1450,1,0.0,0.0,0.0,0.0,1.0,0.0
1451,1,0.0,0.0,0.0,1.0,1.0,0.0
1452,1,0.0,0.0,0.0,1.0,1.0,0.0
1453,1,0.0,0.0,0.0,0.0,1.0,0.0
1454,2,0.0,0.0,0.0,0.0,1.0,0.0
1455,1,0.0,0.0,0.0,0.0,1.0,0.0
1456,5,0.0,0.0,0.0,1.0,1.0,0.0
1457,1,0.0,0.0,0.0,0.0,1.0,0.0
1458,5,0.0,0.0,0.0,1.0,1.0,0.0
1459,1,0.0,0.0,0.0,0.0,1.0,0.0
1460,2,0.0,0.0,0.0,1.0,1.0,0.0
1461,3,0.0,0.0,0.0,1.0,1.0,0.0
1462,4,0.0,0.0,0.0,1.0,1.0,0.0
1463,2,0.0,0.0,0.0,1.0,1.0,0.0
1464,1,0.0,0.0,0.0,1.0,1.0,0.0
1465,1,0.0,0.0,0.0,0.0,0.0,0.0
1466,1,0.0,0.0,0.0,0.0,0.0,0.0
1467,3,0.0,0.0,0.0,1.0,1.0,0.0
1468,1,0.0,0.0,0.0,0.0,1.0,0.0
1469,1,0.0,0.0,0.0,0.0,1.0,0.0
1470,5,0.0,0.0,0.0,1.0,1.0,0.0
1471,1,0.0,0.0,0.0,0.0,0.0,0.0
1472,4,0.0,0.0,0.0,1.0,1.0,0.0
1473,1,0.0,0.0,0.0,0.0,1.0,0.0
1474,4,0.0,0.0,0.0,1.0,1.0,0.0
1475,5,0.0,0.0,0.0,1.0,1.0,0.0
1476,1,0.0,0.0,0.0,1.0,1.0,0.0
1477,4,0.0,0.0,0.0,1.0,1.0,0.0
1478,5,0.0,0.0,0.0,1.0,1.0,0.0
1479,5,0.0,0.0,0.0,1.0,1.0,0.0
1480,5,0.0,0.0,0.0,1.0,1.0,0.0
1481,5,0.0,0.0,0.0,1.0,1.0,0.0
1482,5,0.0,0.0,0.0,1.0,1.0,0.0
1483,1,0.0,0.0,0.0,1.0,1.0,0.0
1484,5,0.0,0.0,0.0,1.0,1.0,0.0
1485,4,0.0,0.0,0.0,1.0,1.0,0.0
1486,1,0.0,0.0,0.0,1.0,1.0,0.0
1487,5,0.0,0.0,0.0,1.0,1.0,0.0
1488,4,0.0,0.0,0.0,1.0,1.0,0.0
1489,4,0.0,0.0,0.0,1.0,1.0,0.0
1490,3,0.0,0.0,0.0,1.0,1.0,0.0
1491,3,0.0,0.0,0.0,1.0,1.0,0.0
1492,4,0.0,0.0,0.0,1.0,1.0,0.0
1493,2,0.0,0.0,0.0,1.0,1.0,0.0
1494,5,0.0,0.0,0.0,1.0,1.0,0.0
1495,1,0.0,0.0,0.0,1.0,1.0,0.0
1496,3,0.0,0.0,0.0,1.0,1.0,0.0
1497,3,0.0,0.0,0.0,1.0,1.0,0.0
1498,2,0.0,0.0,0.0,1.0,1.0,0.0
1499,1,0.0,0.0,0.0,1.0,1.0,0.0
1500,3,0.0,0.0,0.0,1.0,1.0,0.0
1501,1,0.0,0.0,0.0,1.0,1.0,0.0
1502,4,0.0,0.0,0.0,1.0,1.0,0.0
1503,4,0.0,0.0,0.0,1.0,1.0,0.0
1504,2,0.0,0.0,0.0,1.0,1.0,0.0
1505,2,0.0,0.0,0.0,1.0,1.0,0.0
1506,4,0.0,0.0,0.0,1.0,1.0,0.0
1507,1,0.0,0.0,0.0,1.0,1.0,0.0
1508,5,0.0,0.0,0.0,1.0,1.0,0.0
1509,1,0.0,0.0,0.0,1.0,1.0,0.0
1510,5,0.0,0.0,0.0,1.0,1.0,0.0
1511,5,0.0,0.0,0.0,1.0,1.0,1.0
1512,4,0.0,0.0,0.0,1.0,1.0,1.0
1513,5,0.0,0.0,0.0,1.0,1.0,1.0
1514,5,0.0,0.0,0.0,1.0,1.0,1.0
1515,4,0.0,0.0,0.0,1.0,1.0,0.0
1516,5,0.0,0.0,0.0,1.0,1.0,0.0
1517,5,0.0,0.0,0.0,1.0,1.0,1.0
1518,5,0.0,0.0,0.0,1.0,1.0,0.0
1519,1,0.0,0.0,0.0,1.0,1.0,0.0
1520,5,0.0,0.0,0.0,1.0,1.0,1.0
1521,5,0.0,0.0,0.0,1.0,1.0,1.0
1522,5,0.0,0.0,0.0,1.0,1.0,1.0
1523,5,0.0,0.0,0.0,1.0,1.0,0.0
1524,3,0.0,0.0,0.0,1.0,1.0,1.0
1525,4,0.0,0.0,0.0,1.0,1.0,0.0
1526,5,0.0,0.0,0.0,1.0,1.0,1.0
1527,5,0.0,0.0,0.0,1.0,1.0,0.0
1528,5,0.0,0.0,0.0,1.0,1.0,1.0
1529,1,0.0,0.0,0.0,1.0,1.0,0.0
1530,5,0.0,0.0,0.0,1.0,1.0,1.0
1531,5,0.0,0.0,0.0,1.0,1.0,1.0
